fpl_code,understat_player_id,fpl_player_name,fpl_position,confidence_level,mapping_status
7645,587,Jagielka,DEF,HIGH,mapped
9089,803,Foster,GK,HIGH,mapped
14937,2371,Ronaldo,FWD,HIGH,mapped
15033,748,Morgan,DEF,HIGH,mapped
15157,489,Milner,MID,HIGH,mapped
15749,609,Hart,GK,HIGH,mapped
17349,593,Lennon,MID,HIGH,mapped
17601,8158,Carson,GK,HIGH,mapped
17745,745,Schmeichel,GK,HIGH,mapped
17761,1665,Tarkowski,DEF,HIGH,mapped
17997,857,Bardsley,DEF,HIGH,mapped
18073,533,Noble,MID,HIGH,mapped
18499,8022,McGovern,GK,HIGH,mapped
18507,802,Diego Costa,FWD,HIGH,mapped
18867,7712,Sharp,FWD,HIGH,mapped
18892,631,Young,DEF,HIGH,mapped
18987,1691,Snodgrass,MID,HIGH,mapped
19188,512,Dann,DEF,HIGH,mapped
19236,785,Ruddy,GK,HIGH,mapped
19419,699,Cahill,DEF,HIGH,mapped
19624,3422,Moutinho,MID,HIGH,mapped
20066,509,Hennessey,GK,HIGH,mapped
20310,624,Caballero,GK,HIGH,mapped
20452,839,Long,FWD,HIGH,mapped
20467,503,Walcott,MID,HIGH,mapped
20480,982,Krul,GK,HIGH,mapped
21205,1651,Heaton,GK,HIGH,mapped
27436,7711,McGoldrick,FWD,HIGH,mapped
27789,614,Fernandinho,MID,HIGH,mapped
28411,2243,Navas,GK,HIGH,mapped
28690,2164,Hernández,MID,HIGH,mapped
32259,540,Randolph,GK,HIGH,mapped
36903,2251,Bale,MID,HIGH,mapped
37096,706,Fabianski,GK,HIGH,mapped
37339,1685,El Mohamady,DEF,HIGH,mapped
37402,749,Fuchs,DEF,HIGH,mapped
37572,619,Agüero,FWD,HIGH,mapped
37642,807,Evans,DEF,HIGH,mapped
37915,637,Lloris,GK,HIGH,mapped
38290,641,Rose,DEF,HIGH,mapped
38533,6849,Patrício,GK,HIGH,mapped
38588,9423,Berardi,DEF,HIGH,mapped
38716,6822,Peltier,DEF,HIGH,mapped
39155,486,Lallana,MID,HIGH,mapped
39487,887,Pieters,DEF,HIGH,mapped
39790,2259,Casilla,GK,HIGH,mapped
40142,537,Carroll,FWD,HIGH,mapped
40145,712,Cork,MID,HIGH,mapped
40146,835,Bertrand,DEF,HIGH,mapped
40349,694,Begovic,GK,HIGH,mapped
40383,831,Forster,GK,HIGH,mapped
40386,7704,Basham,DEF,HIGH,mapped
40387,462,Gosling,MID,HIGH,mapped
40669,528,Ogbonna,DEF,HIGH,mapped
40720,3294,Cavani,FWD,HIGH,mapped
40784,485,Sakho,DEF,HIGH,mapped
40836,2190,Guaita,GK,HIGH,mapped
40845,6051,Stephens,MID,HIGH,mapped
41135,682,Ivanovic,DEF,HIGH,mapped
41270,1676,David Luiz,DEF,HIGH,mapped
41328,681,Azpilicueta,DEF,HIGH,mapped
41338,581,Cathcart,DEF,HIGH,mapped
41674,1747,Long,DEF,HIGH,mapped
41725,574,Deeney,FWD,HIGH,mapped
41733,771,Wijnaldum,MID,HIGH,mapped
41823,876,Delph,MID,HIGH,mapped
42427,545,Gibbs,DEF,HIGH,mapped
43250,596,Cleverley,MID,HIGH,mapped
43670,554,Mata,MID,HIGH,mapped
44346,502,Giroud,FWD,HIGH,mapped
44683,844,Rodriguez,FWD,HIGH,mapped
44699,4422,Barnes,FWD,HIGH,mapped
45034,448,Perišić,DEF,HIGH,mapped
45124,713,A.Ayew,MID,HIGH,mapped
45268,772,Sissoko,MID,HIGH,mapped
47247,7709,Fleck,MID,HIGH,mapped
47390,710,Taylor,DEF,HIGH,mapped
47431,700,Willian,MID,HIGH,mapped
48717,529,Reid,DEF,HIGH,mapped
48760,6030,Zanka,DEF,HIGH,mapped
49262,7235,Steele,GK,HIGH,mapped
49413,530,Tomkins,DEF,HIGH,mapped
49440,1738,Robson-Kanu,FWD,HIGH,mapped
49944,1689,Livermore,MID,HIGH,mapped
49957,3231,Grosicki,MID,HIGH,mapped
50093,6843,Button,GK,HIGH,mapped
50175,501,Welbeck,FWD,HIGH,mapped
50229,1737,Phillips,MID,HIGH,mapped
50232,769,Shelvey,MID,HIGH,mapped
50471,633,McArthur,MID,HIGH,mapped
50472,589,McCarthy,MID,HIGH,mapped
51090,3288,Thiago Silva,DEF,HIGH,mapped
51927,1654,Mee,DEF,HIGH,mapped
51938,753,Albrighton,MID,HIGH,mapped
51940,546,de Gea,GK,HIGH,mapped
51943,,Hladký,GKP,NONE,unmapped
52775,3387,Nkoulou,DEF,HIGH,mapped
54469,825,Smith,DEF,HIGH,mapped
54484,5043,Femenía,DEF,HIGH,mapped
54694,318,Aubameyang,FWD,HIGH,mapped
54738,11712,Kaminski,GK,HIGH,mapped
54861,606,Benteke,FWD,HIGH,mapped
55037,532,Kouyaté,DEF,HIGH,mapped
55422,714,Sigurdsson,MID,HIGH,mapped
55459,534,Cresswell,DEF,HIGH,mapped
55494,510,Ward,DEF,HIGH,mapped
55605,639,Alderweireld,DEF,HIGH,mapped
55914,8816,Cooper,DEF,HIGH,mapped
56377,6274,Yarmolenko,MID,HIGH,mapped
56872,463,Stanislas,MID,HIGH,mapped
56917,458,Cook,DEF,HIGH,mapped
56979,605,Henderson,MID,HIGH,mapped
56983,461,Ritchie,DEF,HIGH,mapped
57127,7696,Pukki,FWD,HIGH,mapped
57134,813,Rondón,FWD,HIGH,mapped
57145,708,Fernández,DEF,HIGH,mapped
57328,603,Clyne,DEF,HIGH,mapped
57513,3468,Lössl,GK,HIGH,mapped
57531,531,Antonio,FWD,HIGH,mapped
58376,635,McCarthy,GK,HIGH,mapped
58498,573,Ighalo,FWD,HIGH,mapped
58621,638,Walker,DEF,HIGH,mapped
58771,767,Colback,MID,HIGH,mapped
58786,525,Kelly,DEF,HIGH,mapped
58822,847,Cédric,DEF,HIGH,mapped
58845,875,Clark,DEF,HIGH,mapped
59735,780,Darlow,GK,HIGH,mapped
59859,314,Gündogan,MID,HIGH,mapped
59940,964,Bartley,DEF,HIGH,mapped
59949,585,Coleman,DEF,HIGH,mapped
59966,3277,Lacazette,FWD,HIGH,mapped
60025,2249,James,MID,HIGH,mapped
60232,804,Dawson,DEF,HIGH,mapped
60252,775,Townsend,MID,HIGH,mapped
60307,239,Gross,MID,HIGH,mapped
60551,669,Westwood,MID,HIGH,mapped
60586,1663,Gudmundsson,MID,HIGH,mapped
60689,4456,Wood,FWD,HIGH,mapped
60706,527,Adrián,GK,HIGH,mapped
60914,332,Matip,DEF,HIGH,mapped
61256,2248,Casemiro,MID,HIGH,mapped
61366,447,De Bruyne,MID,HIGH,mapped
61558,229,Thiago,MID,HIGH,mapped
61600,8757,Sawyers,MID,HIGH,mapped
61739,3304,Le Marchand,DEF,HIGH,mapped
61810,1801,Jansson,DEF,HIGH,mapped
61933,6047,Duffy,DEF,HIGH,mapped
62398,697,Matic,MID,HIGH,mapped
62974,644,Lamela,MID,HIGH,mapped
63426,7707,Stevens,DEF,HIGH,mapped
66242,6050,Pröpper,MID,HIGH,mapped
66588,8716,Ayling,DEF,HIGH,mapped
66749,594,Lukaku,FWD,HIGH,mapped
66838,6477,Tosun,FWD,HIGH,mapped
66975,5549,Milivojevic,MID,HIGH,mapped
67089,6532,Dúbravka,GK,HIGH,mapped
68312,888,Shaqiri,MID,HIGH,mapped
68983,1652,Lowton,DEF,HIGH,mapped
69140,1699,Mustafi,DEF,HIGH,mapped
69143,1123,Kucka,MID,HIGH,mapped
69752,1297,Neto,GK,HIGH,mapped
71738,7694,Stiepermann,MID,HIGH,mapped
72147,9614,M.Bizot,GK,HIGH,mapped
72222,4381,Klich,MID,HIGH,mapped
72681,7077,Odoi,DEF,HIGH,mapped
73314,2361,Willian José,FWD,HIGH,mapped
73426,1660,Gray,FWD,HIGH,mapped
74208,1740,Pogba,MID,HIGH,mapped
74230,730,van Aanholt,DEF,HIGH,mapped
74854,7715,Moore,GKP,MEDIUM,mapped
74944,12748,Morsy,MID,HIGH,mapped
75115,468,Wilson,FWD,HIGH,mapped
76306,62,Rupp,MID,HIGH,mapped
76357,6835,Cairney,MID,HIGH,mapped
76359,951,Jones,DEF,HIGH,mapped
77777,3979,Hegazi,DEF,HIGH,mapped
77794,652,Trippier,DEF,HIGH,mapped
77818,11724,Shea,GK,HIGH,mapped
78007,465,King,FWD,HIGH,mapped
78056,842,Romeu,MID,HIGH,mapped
78315,584,Robles,GK,HIGH,mapped
78356,848,Austin,FWD,HIGH,mapped
78607,7693,McLean,MID,HIGH,mapped
78830,647,Kane,FWD,HIGH,mapped
78916,7382,Burn,DEF,HIGH,mapped
79602,11361,Bentley,GK,HIGH,mapped
79852,4475,Steer,GK,HIGH,mapped
79934,7710,Norwood,MID,HIGH,mapped
80146,672,J.Ayew,MID,HIGH,mapped
80178,,Bidwell,DEF,NONE,unmapped
80179,1711,Forshaw,MID,HIGH,mapped
80201,181,Leno,GK,HIGH,mapped
80226,3600,Aurier,DEF,HIGH,mapped
80607,646,Eriksen,MID,HIGH,mapped
80801,668,Gana,MID,MEDIUM,mapped
80954,2381,Rodrigo,FWD,HIGH,mapped
81012,6891,Fredericks,DEF,HIGH,mapped
81183,1017,Vydra,FWD,HIGH,mapped
81205,11298,Orsic,MID,HIGH,mapped
81441,8729,Gillespie,GK,HIGH,mapped
81880,966,Chamberlain,MID,HIGH,mapped
82143,8776,Foderingham,GK,HIGH,mapped
82263,1621,Alonso,DEF,HIGH,mapped
82403,522,Zaha,MID,HIGH,mapped
82514,7184,Ream,DEF,HIGH,mapped
82691,7706,Baldock,DEF,HIGH,mapped
82738,11722,Berry,MID,HIGH,mapped
83283,790,Redmond,MID,HIGH,mapped
83299,6048,Dunk,DEF,HIGH,mapped
83312,1707,Gibson,DEF,HIGH,mapped
83314,1746,Hendrick,MID,HIGH,mapped
83427,8286,Jack Robinson,DEF,HIGH,mapped
83428,7690,Hanley,DEF,HIGH,mapped
84182,2310,Areola,GK,HIGH,mapped
84450,204,Xhaka,MID,HIGH,mapped
84583,488,Coutinho,MID,HIGH,mapped
84915,5274,Hector,DEF,HIGH,mapped
84939,986,Ings,FWD,HIGH,mapped
85242,7721,Hourihane,MID,HIGH,mapped
85624,1725,Kabasele,DEF,HIGH,mapped
85633,6903,Sels,GK,HIGH,mapped
85955,1389,Jorginho,MID,HIGH,mapped
85971,453,Son,MID,HIGH,mapped
86129,1376,Koulibaly,DEF,HIGH,mapped
86417,757,Schlupp,MID,HIGH,mapped
86873,3451,Lecomte,GKP,MEDIUM,mapped
86881,1785,Mendy,MID,HIGH,mapped
86934,535,Lanzini,MID,HIGH,mapped
87835,6852,Doherty,DEF,HIGH,mapped
87873,8718,Dallas,MID,HIGH,mapped
88248,8786,Ortega Moreno,GK,HIGH,mapped
88484,2199,Sarabia,MID,HIGH,mapped
88894,592,Barkley,MID,HIGH,mapped
88900,1735,Stephens,DEF,HIGH,mapped
89068,3298,Kurzawa,DEF,HIGH,mapped
89076,1488,Freuler,MID,HIGH,mapped
89085,1677,Chalobah,MID,HIGH,mapped
89335,2266,Saúl,MID,HIGH,mapped
89470,7697,Hernández,MID,HIGH,mapped
90105,1683,Fraser,MID,HIGH,mapped
90152,2245,Varane,DEF,HIGH,mapped
90517,789,Brady,MID,HIGH,mapped
90585,6850,Boly,DEF,HIGH,mapped
91046,11721,Woodrow,FWD,HIGH,mapped
91047,6893,S.Armstrong,MID,HIGH,mapped
91651,2254,Kovačić,MID,HIGH,mapped
91889,6098,Füllkrug,FWD,HIGH,mapped
92217,482,Firmino,FWD,HIGH,mapped
92259,6840,Kebano,MID,HIGH,mapped
92371,8380,Marí,DEF,LOW,mapped
93100,111,Vestergaard,DEF,HIGH,mapped
93264,643,Dier,DEF,HIGH,mapped
93284,4068,Andone,FWD,HIGH,mapped
93605,5680,Meunier,DEF,MEDIUM,mapped
94147,6851,Coady,DEF,HIGH,mapped
94245,1678,Batshuayi,FWD,HIGH,mapped
94926,1778,Ladapo,FWD,MEDIUM,mapped
95463,473,Ward,GK,HIGH,mapped
95658,1687,Maguire,DEF,HIGH,mapped
95715,3293,Lucas Moura,MID,HIGH,mapped
96784,12187,Clark,MID,HIGH,mapped
96787,6894,Elyounoussi,MID,HIGH,mapped
96994,6827,De Cordova-Reid,MID,HIGH,mapped
97032,833,Virgil,DEF,HIGH,mapped
97299,586,Stones,DEF,HIGH,mapped
97846,,Cairns,GKP,NONE,unmapped
98745,492,Bellerín,DEF,HIGH,mapped
98747,5552,Pope,GK,HIGH,mapped
98980,4401,Martinez,GK,HIGH,mapped
100649,7063,Bernard,MID,HIGH,mapped
101105,6834,Bryan,DEF,HIGH,mapped
101148,766,Lascelles,DEF,HIGH,mapped
101178,843,Ward-Prowse,MID,HIGH,mapped
101184,508,Chambers,DEF,HIGH,mapped
101188,1823,Digne,DEF,HIGH,mapped
101282,,Crooks,MID,NONE,unmapped
101338,5248,Sabitzer,MID,HIGH,mapped
101394,6932,Yokuslu,MID,HIGH,mapped
101537,1208,Felipe Anderson,MID,HIGH,mapped
101582,6817,Fred,MID,HIGH,mapped
101668,755,Vardy,FWD,HIGH,mapped
101982,978,Johnstone,GK,HIGH,mapped
102057,4105,Raúl,FWD,MEDIUM,mapped
102380,1822,Rüdiger,DEF,HIGH,mapped
102826,3389,Mendy,DEF,HIGH,mapped
103025,750,Mahrez,MID,HIGH,mapped
103123,6144,Haller,FWD,HIGH,mapped
103192,935,Zouma,DEF,HIGH,mapped
103914,6044,Taylor,DEF,HIGH,mapped
103955,618,Sterling,MID,HIGH,mapped
104047,11716,Mpanzu,MID,HIGH,mapped
104542,37,Karius,GK,HIGH,mapped
104547,743,Gayle,FWD,HIGH,mapped
105377,8722,Alioski,DEF,HIGH,mapped
105666,856,Butland,GK,HIGH,mapped
105717,1760,Masuaku,DEF,HIGH,mapped
106468,4120,Alex Moreno,DEF,HIGH,mapped
106606,12747,Luongo,MID,HIGH,mapped
106611,1653,Keane,DEF,HIGH,mapped
106617,822,Bamford,FWD,HIGH,mapped
106618,853,Dummett,DEF,HIGH,mapped
106757,6542,Locadia,FWD,HIGH,mapped
106760,1006,Shaw,DEF,HIGH,mapped
106837,1234,Praet,MID,HIGH,mapped
107265,5544,Gunn,GK,HIGH,mapped
107613,3491,Saïss,DEF,HIGH,mapped
108053,8905,Townsend,DEF,HIGH,mapped
108156,7152,Engels,DEF,HIGH,mapped
108413,6104,Hughes,MID,HIGH,mapped
108416,7703,Egan,DEF,HIGH,mapped
108796,11714,Lockyer,DEF,HIGH,mapped
108813,9251,Walton,GK,HIGH,mapped
108823,645,Dele,MID,HIGH,mapped
109322,558,Lingard,MID,HIGH,mapped
109345,6049,March,MID,HIGH,mapped
109434,6067,Kongolo,DEF,HIGH,mapped
109528,1719,Manquillo,DEF,HIGH,mapped
109533,1245,Emerson,DEF,HIGH,mapped
109638,9163,Bryan,DEF,HIGH,mapped
109646,5590,Tosin,DEF,HIGH,mapped
109745,5061,Arrizabalaga,GK,HIGH,mapped
110504,695,Traoré,MID,HIGH,mapped
110690,,Wilson,GKP,NONE,unmapped
110735,7699,Webster,DEF,HIGH,mapped
110979,838,Mané,MID,HIGH,mapped
111234,741,Pickford,GK,HIGH,mapped
111291,5708,Marçal,DEF,HIGH,mapped
111317,6820,Brooks,MID,HIGH,mapped
111452,375,Odysseas,GK,HIGH,mapped
111457,342,Kolasinac,DEF,HIGH,mapped
111478,8780,Veltman,DEF,HIGH,mapped
111773,1545,Krafth,DEF,HIGH,mapped
111782,6962,Olsen,GK,HIGH,mapped
111931,3303,Ricardo,DEF,HIGH,mapped
112520,1038,Palmer,GK,HIGH,mapped
113564,902,Byram,DEF,HIGH,mapped
114128,2280,Jonny,DEF,HIGH,mapped
114241,10758,Toffolo,DEF,HIGH,mapped
114243,6063,J.Murphy,MID,HIGH,mapped
114283,675,Grealish,MID,HIGH,mapped
115382,3621,Maupay,FWD,HIGH,mapped
115556,660,Davies,DEF,HIGH,mapped
115918,6875,Rúnarsson,GK,HIGH,mapped
116216,7698,Trossard,MID,HIGH,mapped
116404,7921,Felipe,DEF,HIGH,mapped
116535,1257,A.Becker,GK,MEDIUM,mapped
116594,751,Kanté,MID,HIGH,mapped
116643,3420,Fabinho,MID,HIGH,mapped
118342,7047,Flekken,GK,HIGH,mapped
118748,1250,M.Salah,MID,HIGH,mapped
119471,76,Schär,DEF,HIGH,mapped
119765,1379,Allan,MID,HIGH,mapped
120202,7052,Weghorst,FWD,HIGH,mapped
120250,2383,André Gomes,MID,HIGH,mapped
120721,983,Mbabu,DEF,HIGH,mapped
121145,2379,João Cancelo,DEF,MEDIUM,mapped
121160,6054,Ederson M.,GK,HIGH,mapped
121599,1726,A.Doucoure,MID,HIGH,mapped
121709,5652,Benitez,GKP,HIGH,mapped
122074,7076,Bettinelli,GK,HIGH,mapped
122411,12755,Burgess,DEF,HIGH,mapped
122775,3696,Sanson,MID,HIGH,mapped
122798,1688,Robertson,DEF,HIGH,mapped
122806,7723,McGinn,MID,HIGH,mapped
123354,6859,Hause,DEF,HIGH,mapped
124165,925,Roberts,MID,HIGH,mapped
124183,8992,Ziyech,MID,HIGH,mapped
126184,579,Aké,DEF,HIGH,mapped
126187,688,Loftus-Cheek,MID,HIGH,mapped
128295,7083,Nørgaard,MID,HIGH,mapped
128309,10865,Lowe,MID,HIGH,mapped
128340,10743,Moore,FWD,HIGH,mapped
128389,773,Mitrović,FWD,HIGH,mapped
130036,9957,Tufan,MID,HIGH,mapped
131304,6996,Troost-Ekong,DEF,HIGH,mapped
131897,2385,Ryan,GK,HIGH,mapped
132015,343,Højbjerg,MID,HIGH,mapped
133845,10745,Marcondes,MID,HIGH,mapped
135363,200,Christensen,DEF,HIGH,mapped
135720,5261,Danso,DEF,HIGH,mapped
138001,12245,King,GK,HIGH,mapped
140200,1214,Strakosha,GK,HIGH,mapped
140941,1154,Perica,FWD,HIGH,mapped
141746,1228,B.Fernandes,MID,HIGH,mapped
144485,998,Toney,FWD,HIGH,mapped
146426,4490,Ajayi,DEF,HIGH,mapped
146610,7705,O'Connell,DEF,HIGH,mapped
146941,2498,Laporte,DEF,HIGH,mapped
147611,11360,Onuachu,FWD,HIGH,mapped
147675,1790,Akpom,FWD,MEDIUM,mapped
148225,553,Martial,FWD,HIGH,mapped
148508,7722,Trézéguet,MID,HIGH,mapped
149065,9740,José Sá,GK,HIGH,mapped
149484,1024,Mings,DEF,HIGH,mapped
149519,3278,Cornet,MID,HIGH,mapped
149828,1682,Slimani,FWD,HIGH,mapped
149915,2163,Llorente,DEF,HIGH,mapped
149929,12749,Burns,MID,HIGH,mapped
151086,1299,Mario Jr.,MID,HIGH,mapped
151119,727,Yedlin,DEF,HIGH,mapped
151589,7236,Dendoncker,MID,HIGH,mapped
152551,2182,Lerma,MID,HIGH,mapped
152590,1828,Telles,DEF,HIGH,mapped
152760,484,Origi,FWD,HIGH,mapped
152898,9318,Davies,DEF,HIGH,mapped
153127,6062,Hayden,MID,HIGH,mapped
153133,500,Iwobi,MID,HIGH,mapped
153256,496,Elneny,MID,MEDIUM,mapped
153366,910,Reed,MID,HIGH,mapped
153673,1084,Kenny,DEF,HIGH,mapped
153682,5596,Wilson,MID,HIGH,mapped
153723,7708,Lundstram,MID,HIGH,mapped
154043,1750,Maitland-Niles,MID,HIGH,mapped
154048,7484,Mavididi,MID,HIGH,mapped
154131,7823,Stacey,DEF,HIGH,mapped
154138,10092,Fosu,MID,HIGH,mapped
154296,10715,Palhinha,MID,HIGH,mapped
154506,1025,Bachmann,GK,HIGH,mapped
154561,9676,Raya,GK,HIGH,mapped
154566,1679,Solanke,FWD,HIGH,mapped
155197,8918,Lowe,DEF,HIGH,mapped
155405,8719,Phillips,MID,HIGH,mapped
155408,1789,Cook,MID,HIGH,mapped
155503,852,Woodman,GK,HIGH,mapped
155511,4419,Armstrong,FWD,HIGH,mapped
155529,8704,Rodák,GK,HIGH,mapped
155561,6083,Augustinsson,DEF,HIGH,mapped
155569,759,Amartey,DEF,HIGH,mapped
155651,1441,Masina,DEF,HIGH,mapped
156074,1749,Holding,DEF,HIGH,mapped
156658,1771,Burke,DEF,HIGH,mapped
156683,1841,Gollini,GK,HIGH,mapped
156685,561,Rothwell,MID,HIGH,mapped
156687,10742,Pearson,MID,HIGH,mapped
156689,922,Andreas,MID,HIGH,mapped
156700,11717,Morris,FWD,HIGH,mapped
157668,971,Winks,MID,HIGH,mapped
157775,6841,Sema,MID,HIGH,mapped
157882,8239,Minamino,MID,HIGH,mapped
158499,10744,Christie,MID,HIGH,mapped
158534,885,Walker-Peters,DEF,HIGH,mapped
158983,8808,Endo,MID,LOW,mapped
159506,725,Aina,DEF,HIGH,mapped
159533,900,Adama,MID,HIGH,mapped
160817,559,McNair,DEF,MEDIUM,mapped
160987,4764,Gbamin,MID,HIGH,mapped
162651,1142,Samir,DEF,HIGH,mapped
164011,9290,Diagne,FWD,HIGH,mapped
164484,7817,Steffen,GK,HIGH,mapped
164511,6521,Mina,DEF,HIGH,mapped
164555,8965,Coufal,DEF,HIGH,mapped
165153,65,Werner,MID,HIGH,mapped
165183,11713,Bell,DEF,HIGH,mapped
165210,6842,Jahanbakhsh,MID,HIGH,mapped
165659,5712,Diego Carlos,DEF,HIGH,mapped
165808,3428,Costa,MID,HIGH,mapped
165809,3635,Bernardo,MID,HIGH,mapped
166324,3683,Cavaleiro,MID,HIGH,mapped
166325,5646,Cafú,MID,HIGH,mapped
166477,6157,Castagne,DEF,HIGH,mapped
166640,6892,Balbuena,DEF,HIGH,mapped
166989,5956,Tielemans,MID,HIGH,mapped
167074,5973,Tete,DEF,HIGH,mapped
167191,12753,Harness,MID,HIGH,mapped
167199,2328,Thomas,MID,MEDIUM,mapped
167473,6231,Izquierdo,MID,HIGH,mapped
167512,14099,O'Nien,DEF,HIGH,mapped
167522,6526,Hugill,FWD,HIGH,mapped
167767,689,Kenedy,DEF,HIGH,mapped
167825,,Phillips,GKP,NONE,unmapped
167878,7714,Osborn,MID,HIGH,mapped
167887,13728,Laurent,MID,HIGH,mapped
167888,12762,Lumley,GK,HIGH,mapped
168035,12549,Onyedinma,MID,HIGH,mapped
168090,205,Dahoud,MID,HIGH,mapped
168144,1045,Grimes,MID,MEDIUM,mapped
168281,10757,McKenna,DEF,HIGH,mapped
168399,7459,Norris,GK,HIGH,mapped
168580,770,Pérez,MID,HIGH,mapped
168636,6219,Enes Ünal,FWD,HIGH,mapped
168765,661,Onomah,MID,HIGH,mapped
168991,6034,Philip,MID,HIGH,mapped
169187,1791,Alexander-Arnold,DEF,HIGH,mapped
169359,884,Targett,DEF,HIGH,mapped
169432,1736,McBurnie,FWD,HIGH,mapped
169528,8940,Robinson,DEF,HIGH,mapped
169593,9834,Matthews,GK,HIGH,mapped
170137,101,Saint-Maximin,FWD,HIGH,mapped
171099,3729,Kamara,DEF,HIGH,mapped
171101,5050,Lenglet,DEF,HIGH,mapped
171270,1032,Dowell,MID,HIGH,mapped
171287,987,Gomez,DEF,HIGH,mapped
171314,8961,Rúben,DEF,MEDIUM,mapped
171317,6853,Neves,MID,HIGH,mapped
171422,,Browne,MID,NONE,unmapped
171771,6042,Bednarek,DEF,HIGH,mapped
171975,4476,Callum Robinson,FWD,HIGH,mapped
172453,12752,Szmodics,MID,HIGH,mapped
172567,1018,Cullen,MID,HIGH,mapped
172632,762,Gray,MID,HIGH,mapped
172649,7702,Henderson,GK,HIGH,mapped
172780,6818,Maddison,MID,HIGH,mapped
172782,8323,Brownhill,MID,HIGH,mapped
172841,3585,Benrahma,MID,HIGH,mapped
172850,782,Chilwell,DEF,HIGH,mapped
172912,7927,Amrabat,MID,HIGH,mapped
173268,8923,Grbić,GK,HIGH,mapped
173271,7007,Caleta-Car,DEF,HIGH,mapped
173514,1724,Success,FWD,HIGH,mapped
173515,620,Iheanacho,FWD,HIGH,mapped
173807,1042,Davies,MID,HIGH,mapped
173818,9406,Broadhead,MID,HIGH,mapped
173821,1014,Roberts,MID,HIGH,mapped
173878,,Dasilva,DEF,NONE,unmapped
173879,702,Abraham,FWD,HIGH,mapped
173904,6249,Sánchez,DEF,HIGH,mapped
173954,6027,Riedewald,MID,HIGH,mapped
174292,2117,M.Asensio,MID,HIGH,mapped
174310,11718,Adebayo,FWD,HIGH,mapped
174592,13730,Edwards,MID,HIGH,mapped
174593,8758,Edwards,MID,HIGH,mapped
174594,6544,Nmecha,FWD,HIGH,mapped
174874,6314,Andersen,DEF,HIGH,mapped
174932,1078,Canós,MID,HIGH,mapped
175353,8162,Dele-Bashiru,MID,HIGH,mapped
175592,5247,Keita,MID,HIGH,mapped
175941,6397,Whiteman,GK,HIGH,mapped
176296,1675,Fletcher,FWD,HIGH,mapped
176297,556,Rashford,MID,HIGH,mapped
176412,5361,Wright,FWD,MEDIUM,mapped
176413,2662,Pulisic,MID,HIGH,mapped
176420,4391,Furlong,DEF,HIGH,mapped
177815,5555,Calvert-Lewin,FWD,HIGH,mapped
178186,1776,Bowen,MID,HIGH,mapped
178301,8865,Watkins,FWD,HIGH,mapped
178304,1748,Mousset,FWD,HIGH,mapped
179018,7420,Almirón,MID,HIGH,mapped
179268,7134,Cucurella,DEF,HIGH,mapped
179276,7470,Normann,MID,HIGH,mapped
179456,8227,Buur,DEF,HIGH,mapped
179458,5355,Bruun Larsen,MID,HIGH,mapped
179519,6088,Mangala,MID,HIGH,mapped
179830,6651,Diangana,MID,HIGH,mapped
180135,7078,Longstaff,MID,HIGH,mapped
180151,6276,Vlasic,MID,HIGH,mapped
180184,8821,van de Beek,MID,HIGH,mapped
180294,7390,Grant,FWD,HIGH,mapped
180736,6615,Chalobah,DEF,HIGH,mapped
180804,934,Tuanzebe,DEF,HIGH,mapped
180974,87,Joelinton,MID,HIGH,mapped
181284,5682,Guedes,MID,HIGH,mapped
182539,2446,Ceballos,MID,HIGH,mapped
183015,8785,Kipré,DEF,MEDIUM,mapped
183656,10405,Dasilva,MID,HIGH,mapped
183751,11702,Benson,MID,HIGH,mapped
184029,2517,Ødegaard,MID,HIGH,mapped
184254,8858,Vicario,GK,HIGH,mapped
184341,7768,Mount,MID,HIGH,mapped
184349,6837,Sessegnon,DEF,HIGH,mapped
184386,11359,Bree,DEF,HIGH,mapped
184667,6080,Lindelof,DEF,HIGH,mapped
184704,8040,Nakamba,MID,HIGH,mapped
184754,8845,Hee Chan,MID,HIGH,mapped
185253,11284,Scarpa,MID,HIGH,mapped
185478,6621,Jach,DEF,HIGH,mapped
189627,9745,Giannoulis,DEF,HIGH,mapped
191866,9677,Ajer,DEF,HIGH,mapped
192290,5568,Roberts,DEF,HIGH,mapped
192303,7990,Zimmermann,DEF,HIGH,mapped
192895,8089,Tierney,DEF,HIGH,mapped
193111,7695,Cantwell,MID,HIGH,mapped
193204,10766,Aribo,MID,HIGH,mapped
193278,,Coyle,DEF,NONE,unmapped
193488,5612,El Ghazi,MID,HIGH,mapped
193645,6273,Koch,DEF,HIGH,mapped
194010,9679,Henry,DEF,HIGH,mapped
194164,985,Holgate,DEF,HIGH,mapped
194190,6329,Souttar,DEF,HIGH,mapped
194252,8300,Bergwijn,MID,HIGH,mapped
194634,6854,Diogo J.,MID,HIGH,mapped
194794,703,Tomori,DEF,HIGH,mapped
194799,7691,Lewis,DEF,HIGH,mapped
195384,5304,Merino,MID,HIGH,mapped
195473,5569,Brewster,FWD,HIGH,mapped
195480,5587,Maja,FWD,HIGH,mapped
195546,2203,Buendia,MID,HIGH,mapped
195728,8017,Kral,MID,HIGH,mapped
195735,5656,Pépé,MID,HIGH,mapped
195851,5560,McTominay,MID,HIGH,mapped
195864,1013,Field,MID,HIGH,mapped
195899,6253,Scamacca,FWD,HIGH,mapped
196100,11839,Hamer,MID,HIGH,mapped
196411,12750,Chaplin,MID,HIGH,mapped
197024,8267,G.Rodríguez,MID,HIGH,mapped
197030,4866,Kamara,MID,HIGH,mapped
197365,1739,Bailly,DEF,HIGH,mapped
197464,8228,N.Phillips,DEF,HIGH,mapped
197469,6418,Choudhury,MID,HIGH,mapped
197937,5256,Burke,MID,HIGH,mapped
198826,7689,Godfrey,DEF,HIGH,mapped
198842,10753,Ronan,MID,HIGH,mapped
198849,1227,Torreira,MID,HIGH,mapped
198869,7298,White,DEF,HIGH,mapped
199056,12151,Osho,DEF,HIGH,mapped
199170,5989,Niakhaté,DEF,HIGH,mapped
199249,7187,Reguilón,DEF,HIGH,mapped
199584,8222,Tanganga,DEF,HIGH,mapped
199598,6369,Ampadu,DEF,HIGH,mapped
199670,3697,Edouard,FWD,HIGH,mapped
199796,8864,Cash,DEF,HIGH,mapped
199798,7726,Konsa,DEF,HIGH,mapped
200088,7983,Nlundulu,FWD,HIGH,mapped
200089,6630,Willock,MID,HIGH,mapped
200402,6163,N.Semedo,DEF,HIGH,mapped
200428,11103,Lis,GK,HIGH,mapped
200439,7700,Adams,FWD,HIGH,mapped
200600,8291,Podence,MID,HIGH,mapped
200617,5595,James,MID,HIGH,mapped
200641,6492,Nelson,MID,HIGH,mapped
200720,7904,Kelleher,GK,HIGH,mapped
200785,7352,Adams,MID,HIGH,mapped
200826,5681,Lo Celso,MID,HIGH,mapped
200834,5659,Mukiele,DEF,HIGH,mapped
200878,8966,Krovinovic,MID,HIGH,mapped
201057,2674,Kehrer,DEF,HIGH,mapped
201084,549,Fosu-Mensah,DEF,HIGH,mapped
201410,11732,Trusty,DEF,HIGH,mapped
201440,7746,Ui-jo,FWD,HIGH,mapped
201595,12369,Perri,GK,HIGH,mapped
201658,10741,Tavernier,MID,HIGH,mapped
201666,6681,Barnes,MID,HIGH,mapped
201895,8986,Alderete,DEF,HIGH,mapped
202641,10913,Onana,GK,HIGH,mapped
202993,6108,Bentancur,MID,HIGH,mapped
203325,6434,Anguissa,MID,HIGH,mapped
203341,5545,Ndidi,MID,HIGH,mapped
203368,3253,Guilbert,DEF,HIGH,mapped
203389,8456,Tella,MID,HIGH,mapped
204120,3645,Boscagli,DEF,HIGH,mapped
204214,5136,Estupiñan,DEF,HIGH,mapped
204480,5553,Rice,MID,HIGH,mapped
204561,7783,Schlager,MID,MEDIUM,mapped
204580,9680,Janelt,MID,HIGH,mapped
204646,9749,Malen,MID,HIGH,mapped
204676,9099,Zeqiri,FWD,HIGH,mapped
204716,6326,Konaté,DEF,HIGH,mapped
204727,5648,M.Sarr,DEF,HIGH,mapped
204813,,Latibeaudiere,DEF,NONE,unmapped
204814,11815,Brereton Díaz,MID,HIGH,mapped
204822,9675,O.Richards,DEF,HIGH,mapped
204863,13134,Manning,DEF,HIGH,mapped
204936,1116,Donnarumma,GK,HIGH,mapped
204968,11003,Yates,MID,HIGH,mapped
205533,6482,Nketiah,FWD,HIGH,mapped
205651,5543,G.Jesus,FWD,HIGH,mapped
205836,7069,Ghoddos,MID,HIGH,mapped
206325,2958,Zinchenko,DEF,HIGH,mapped
206915,6665,Jones,MID,HIGH,mapped
207189,8285,Berge,MID,HIGH,mapped
207270,10808,Iversen,GK,HIGH,mapped
207283,7166,Jensen,MID,HIGH,mapped
208481,,Ömür,MID,NONE,unmapped
208706,8327,Bruno G.,MID,HIGH,mapped
208904,11715,Andersen,DEF,HIGH,mapped
208912,10756,Worrall,DEF,HIGH,mapped
208973,7081,Sierralta,DEF,HIGH,mapped
209035,7247,Panzo,DEF,HIGH,mapped
209036,7603,Guéhi,DEF,HIGH,mapped
209041,5598,Angel,MID,HIGH,mapped
209042,7198,Skipp,MID,HIGH,mapped
209045,9735,Richards,MID,HIGH,mapped
209046,6456,Hudson-Odoi,MID,HIGH,mapped
209243,6345,Sancho,MID,HIGH,mapped
209244,6055,Foden,MID,HIGH,mapped
209288,9319,McGill,GKP,MEDIUM,mapped
209289,7230,Smith Rowe,MID,HIGH,mapped
209293,12509,Hashioka,DEF,HIGH,mapped
209353,4918,Cutrone,FWD,HIGH,mapped
209362,5245,Bernardo,DEF,HIGH,mapped
209365,7902,De Ligt,DEF,HIGH,mapped
209400,6145,Kamada,MID,HIGH,mapped
210156,7814,Awoniyi,FWD,HIGH,mapped
210407,7153,Pereira,MID,HIGH,mapped
210462,5722,Sangaré,MID,HIGH,mapped
210494,6935,N.Aguerd,DEF,HIGH,mapped
211975,6490,Akanji,DEF,HIGH,mapped
212314,1537,Lukić,MID,HIGH,mapped
212319,6026,Richarlison,FWD,HIGH,mapped
212325,5619,Lees-Melou,MID,HIGH,mapped
212701,6147,Zakaria,MID,HIGH,mapped
212721,6252,Lyanco,DEF,HIGH,mapped
212723,6523,Rashica,MID,HIGH,mapped
213198,3300,Nkunku,MID,HIGH,mapped
213292,,Akintola,MID,NONE,unmapped
213345,7724,Wesley,FWD,HIGH,mapped
213482,7280,Valery,DEF,HIGH,mapped
213687,9687,Goode,DEF,HIGH,mapped
213999,11926,Álvarez,MID,HIGH,mapped
214048,7332,Kilman,DEF,HIGH,mapped
214225,6377,Rodon,DEF,HIGH,mapped
214285,8852,Tsimikas,DEF,HIGH,mapped
214466,8224,Smallbone,MID,HIGH,mapped
214470,8493,Vokins,DEF,HIGH,mapped
214572,8093,Austin,GK,HIGH,mapped
214590,5584,Wan-Bissaka,DEF,HIGH,mapped
214964,12947,Edmundson,DEF,HIGH,mapped
215059,9098,Sánchez,GK,HIGH,mapped
215136,8204,N.Williams,DEF,HIGH,mapped
215379,9154,Anderson,MID,HIGH,mapped
215413,9739,Dewsbury-Hall,MID,HIGH,mapped
215439,8288,Souček,MID,HIGH,mapped
215460,8723,Poveda,MID,HIGH,mapped
215476,7295,Sargent,FWD,HIGH,mapped
215531,1830,Radu,GK,HIGH,mapped
215711,5221,Bailey,MID,HIGH,mapped
216051,7281,Dalot,DEF,HIGH,mapped
216054,6856,Vinagre,DEF,HIGH,mapped
216055,8969,Florentino,MID,HIGH,mapped
216058,5573,Quina,MID,HIGH,mapped
216094,9328,Frimpong,DEF,HIGH,mapped
216616,8756,O'Shea,DEF,HIGH,mapped
216620,9684,Forss,FWD,HIGH,mapped
216646,5786,Wissa,FWD,HIGH,mapped
217331,5602,Surridge,FWD,HIGH,mapped
217401,7383,Benson,MID,HIGH,mapped
217487,8287,Samatta,FWD,HIGH,mapped
217593,2335,Fornals,MID,HIGH,mapped
218023,8481,Dunne,DEF,HIGH,mapped
218031,5264,Söyüncü,DEF,HIGH,mapped
218218,8646,Faes,DEF,HIGH,mapped
218328,7208,Chukwueze,MID,HIGH,mapped
218364,7075,Sosa,DEF,HIGH,mapped
218430,9897,G.Montiel,DEF,HIGH,mapped
218997,8582,Simms,FWD,HIGH,mapped
219168,5232,Isak,FWD,HIGH,mapped
219249,13206,O'Riley,MID,HIGH,mapped
219279,12761,Sugawara,DEF,HIGH,mapped
219352,5556,Lookman,MID,HIGH,mapped
219847,5220,Havertz,FWD,HIGH,mapped
219924,3203,Diop,DEF,HIGH,mapped
219937,9086,R.Williams,DEF,HIGH,mapped
219961,8026,Raphinha,MID,HIGH,mapped
220037,8482,Peacock-Farrell,GK,HIGH,mapped
220087,7366,Wöber,DEF,HIGH,mapped
220166,5085,Navarro,DEF,HIGH,mapped
220237,8635,Botman,DEF,HIGH,mapped
220307,8066,Danjuma,MID,HIGH,mapped
220362,6885,Disasi,DEF,HIGH,mapped
220394,8496,Doyle,MID,HIGH,mapped
220566,2496,Rodrigo,MID,MEDIUM,mapped
220583,12746,Woolfenden,DEF,HIGH,mapped
220585,10845,Downes,MID,HIGH,mapped
220598,6504,Obafemi,FWD,HIGH,mapped
220627,7753,Justin,DEF,HIGH,mapped
220684,10165,Alese,DEF,MEDIUM,mapped
220686,9747,Mumba,DEF,HIGH,mapped
220688,7490,Greenwood,MID,HIGH,mapped
220695,10053,Maghoma,MID,HIGH,mapped
220738,6350,Molumby,MID,HIGH,mapped
221239,1053,Davis,FWD,HIGH,mapped
221389,14017,John,GK,HIGH,mapped
221399,8720,Harrison,MID,HIGH,mapped
221466,10864,Senesi,DEF,HIGH,mapped
221610,8721,Shackleton,MID,HIGH,mapped
221632,7218,Romero,DEF,HIGH,mapped
221820,10802,Martinez,DEF,HIGH,mapped
222017,7239,Coventry,MID,HIGH,mapped
222018,6424,Johnson,DEF,HIGH,mapped
222531,6857,Gibbs-White,MID,HIGH,mapped
222564,8934,Trincão,MID,HIGH,mapped
222625,8563,Hirst,FWD,HIGH,mapped
222627,8366,J.Virginia,GK,MEDIUM,mapped
222677,7439,Chong,MID,HIGH,mapped
222683,6963,Kluivert,MID,HIGH,mapped
222690,10803,Malacia,DEF,HIGH,mapped
222694,8717,Struijk,DEF,HIGH,mapped
223081,9700,Klaesson,GK,HIGH,mapped
223094,8260,Haaland,FWD,HIGH,mapped
223175,8016,M.Longstaff,MID,HIGH,mapped
223336,13720,Neil,MID,HIGH,mapped
223340,7322,Saka,MID,HIGH,mapped
223434,7943,Igor,DEF,HIGH,mapped
223541,1433,Chiesa,MID,HIGH,mapped
223723,7931,Tomiyasu,DEF,LOW,mapped
223827,13715,Ballard,DEF,HIGH,mapped
223911,7384,Mepham,DEF,HIGH,mapped
224024,7365,L.Paquetá,MID,HIGH,mapped
224068,10700,Turner,GK,HIGH,mapped
224117,7254,Gyökeres,FWD,HIGH,mapped
224209,10750,Kristensen,DEF,HIGH,mapped
224444,6441,Torres,MID,HIGH,mapped
224860,2478,C.Soler,MID,HIGH,mapped
224967,10291,Mykolenko,DEF,HIGH,mapped
224995,10866,Sinisterra,MID,HIGH,mapped
225295,10536,Tetê,MID,HIGH,mapped
225321,5603,Ramsdale,GK,HIGH,mapped
225702,6947,Kalu,MID,HIGH,mapped
225796,8067,James,DEF,HIGH,mapped
225897,5803,Ballo-Touré,DEF,HIGH,mapped
225902,6310,B.Soumaré,MID,HIGH,mapped
226182,9205,Bogle,DEF,HIGH,mapped
226597,5613,Gabriel,DEF,HIGH,mapped
226944,5789,Kamara,MID,HIGH,mapped
226956,9685,Roerslev,DEF,HIGH,mapped
226965,,Torp,MID,NONE,unmapped
227127,5609,Bissouma,MID,HIGH,mapped
227444,6174,Milenković,DEF,HIGH,mapped
227560,6538,Etebo,MID,HIGH,mapped
228044,9683,Sørensen,DEF,MEDIUM,mapped
228286,6880,Mendy,GK,HIGH,mapped
228798,6162,Ünder,MID,HIGH,mapped
229164,11719,Ogbene,MID,HIGH,mapped
229384,12774,Irving,MID,HIGH,mapped
229600,7582,Travers,GK,HIGH,mapped
230001,10696,Mazraoui,DEF,HIGH,mapped
230046,6122,Douglas Luiz,MID,HIGH,mapped
230127,9249,Tau,MID,HIGH,mapped
230251,9301,Dennis,FWD,HIGH,mapped
230348,13060,Stewart,FWD,HIGH,mapped
230376,13741,J.Arias,MID,HIGH,mapped
230730,,Thomas-Asante,FWD,NONE,unmapped
231057,7762,Bellegarde,MID,HIGH,mapped
231065,9678,Pinnock,DEF,HIGH,mapped
231372,5962,Ndombele,MID,HIGH,mapped
231416,13066,F.Kadıoğlu,DEF,HIGH,mapped
231480,10945,S.Bueno,DEF,HIGH,mapped
231747,5735,Mateta,FWD,HIGH,mapped
231899,12754,Taylor,MID,HIGH,mapped
232112,11766,Ugarte,MID,HIGH,mapped
232185,5675,I.Sarr,MID,HIGH,mapped
232223,9690,Balogun,FWD,HIGH,mapped
232228,13133,H.Clarke,DEF,HIGH,mapped
232247,9915,Thompson,DEF,HIGH,mapped
232351,7277,Giles,MID,HIGH,mapped
232356,14276,Jenson Jones,DEF,MEDIUM,mapped
232391,8235,Ngakia,DEF,HIGH,mapped
232413,8706,Eze,MID,HIGH,mapped
232423,6451,Ferguson,DEF,HIGH,mapped
232427,5562,Harper,MID,HIGH,mapped
232457,,Mehmeti,MID,NONE,unmapped
232571,13721,Patterson,GKP,MEDIUM,mapped
232620,10168,Brunt,MID,HIGH,mapped
232653,8941,Ramsey,MID,HIGH,mapped
232787,9040,Gallagher,MID,HIGH,mapped
232792,8226,Lamptey,DEF,HIGH,mapped
232797,7326,Ramsay,DEF,HIGH,mapped
232820,,Anderson,DEF,NONE,unmapped
232826,8150,Gordon,MID,HIGH,mapped
232859,10764,Spence,DEF,HIGH,mapped
232881,9311,Leshabela,MID,HIGH,mapped
232892,11728,Bassey,DEF,HIGH,mapped
232905,,Millar,MID,NONE,unmapped
232917,7027,Muric,GK,HIGH,mapped
232928,7438,Garner,MID,HIGH,mapped
232937,8075,Williams,DEF,HIGH,mapped
232980,7688,Aarons,DEF,HIGH,mapped
233420,7891,Renan Lodi,DEF,HIGH,mapped
233425,7991,Connolly,FWD,HIGH,mapped
233821,10386,Ahmedhodžić,DEF,HIGH,mapped
233963,6722,Mavropanos,DEF,HIGH,mapped
234370,5086,Roca,MID,HIGH,mapped
235382,8020,Alzate,MID,HIGH,mapped
235448,11985,Balcombe,GK,HIGH,mapped
235530,8090,Kelly,DEF,HIGH,mapped
235546,9748,Sørensen,DEF,HIGH,mapped
235674,10716,Solomon,MID,HIGH,mapped
235826,13835,Piroe,FWD,HIGH,mapped
240143,6736,Diallo,MID,HIGH,mapped
240299,10755,Hodge,MID,HIGH,mapped
240514,9960,Scherpen,GK,HIGH,mapped
240796,5191,Fernández,GK,HIGH,mapped
241117,9978,Matusiwa,MID,MEDIUM,mapped
241157,7430,E.Royal,DEF,HIGH,mapped
241231,6557,Beyer,DEF,HIGH,mapped
241289,7216,Wilmot,DEF,HIGH,mapped
241293,,Mason-Clark,MID,NONE,unmapped
241519,5360,McKennie,MID,HIGH,mapped
242058,1304,Kean,FWD,HIGH,mapped
242166,5759,Guendouzi,MID,HIGH,mapped
242313,9011,Mingueza,DEF,MEDIUM,mapped
242453,11720,Brown,FWD,HIGH,mapped
242880,7240,B.Badiashile,DEF,HIGH,mapped
242882,7268,Diakité,DEF,HIGH,mapped
242898,10760,Johnson,MID,HIGH,mapped
243016,8379,Mac Allister,MID,HIGH,mapped
243298,11296,Gakpo,FWD,HIGH,mapped
243345,10759,O'Brien,MID,HIGH,mapped
243413,,Slater,MID,NONE,unmapped
243505,9284,Moder,MID,HIGH,mapped
243526,9944,Gudmundsson,DEF,HIGH,mapped
243557,6556,Diaby,MID,HIGH,mapped
243568,7988,Gilmour,MID,HIGH,mapped
243571,10292,Patterson,DEF,HIGH,mapped
244042,10717,Muniz,FWD,HIGH,mapped
244085,10749,Dembélé,MID,HIGH,mapped
244262,11723,Doughty,DEF,HIGH,mapped
244560,6500,Perraud,DEF,HIGH,mapped
244619,8562,Thomas,DEF,HIGH,mapped
244704,9892,Viña,DEF,HIGH,mapped
244716,6954,Cucho,FWD,HIGH,mapped
244723,8214,Mitchell,DEF,HIGH,mapped
244731,10408,Luis Díaz,MID,HIGH,mapped
244845,12763,Wood,DEF,HIGH,mapped
244850,12412,Rogers,MID,HIGH,mapped
244851,8497,Palmer,MID,HIGH,mapped
244856,12073,Mengi,DEF,HIGH,mapped
244858,9501,Carvalho,MID,HIGH,mapped
244860,,Hackney,MID,NONE,unmapped
244930,10761,Mighten,MID,HIGH,mapped
244954,6221,Pau,DEF,HIGH,mapped
245414,6686,Zaniolo,MID,HIGH,mapped
245419,9738,Daka,FWD,HIGH,mapped
245719,8495,Harwood-Bellis,DEF,HIGH,mapped
245824,7395,Vinicius,FWD,HIGH,mapped
245923,8179,Cundle,MID,HIGH,mapped
246265,13876,Ndaba,DEF,HIGH,mapped
246301,8489,J.Cuenca,DEF,HIGH,mapped
247245,11998,Delcroix,DEF,HIGH,mapped
247348,12408,Muñoz,DEF,HIGH,mapped
247412,11070,Strand Larsen,FWD,HIGH,mapped
247632,6382,Neto,MID,HIGH,mapped
247670,10948,Taty,FWD,HIGH,mapped
247693,5743,Kolo Muani,FWD,HIGH,mapped
247955,13064,Geertruida,DEF,HIGH,mapped
248056,13834,Tanaka,MID,HIGH,mapped
248164,9967,Sinisalo,GK,HIGH,mapped
248857,11357,Madueke,MID,HIGH,mapped
248859,12200,Diallo,MID,HIGH,mapped
248875,8981,Doku,MID,HIGH,mapped
248937,9493,Greenwood,FWD,HIGH,mapped
249231,10809,Lewis-Potter,MID,HIGH,mapped
250199,8252,Dominguez,MID,HIGH,mapped
250604,8180,Otasowie,MID,HIGH,mapped
250735,7790,Churlinov,MID,MEDIUM,mapped
421796,9395,Tavares,MID,HIGH,mapped
423649,9734,Mwepu,MID,HIGH,mapped
424001,10872,Vini Souza,MID,HIGH,mapped
424044,6986,H.Traorè,MID,HIGH,mapped
424876,9788,Szoboszlai,MID,HIGH,mapped
427420,8191,Reyna,MID,HIGH,mapped
427623,8430,C.Richards,DEF,HIGH,mapped
427637,10751,Aaronson,MID,HIGH,mapped
428399,7892,João Félix,MID,HIGH,mapped
428580,9681,Onyeka,MID,HIGH,mapped
428626,10097,Placheta,MID,HIGH,mapped
428971,12735,Benda,GK,HIGH,mapped
429414,8812,Kalajdžić,FWD,HIGH,mapped
430367,8566,Mumbongo,FWD,HIGH,mapped
430871,7080,Cunha,FWD,HIGH,mapped
430992,10119,Beck,DEF,HIGH,mapped
431131,7701,Djenepo,MID,HIGH,mapped
431248,12721,Krejčí,DEF,HIGH,mapped
431639,13729,Flemming,FWD,HIGH,mapped
432160,9914,Baptiste,MID,HIGH,mapped
432422,7958,Tonali,MID,HIGH,mapped
432656,8045,Garcia,DEF,HIGH,mapped
432711,10174,Egan-Riley,DEF,HIGH,mapped
432714,10126,McAtee,MID,HIGH,mapped
432720,9077,Trafford,GK,HIGH,mapped
432735,8021,Idah,FWD,HIGH,mapped
432830,9733,Collins,DEF,HIGH,mapped
432931,9552,Francois,MID,HIGH,mapped
432987,13103,Jaros,GK,HIGH,mapped
432990,10041,Larouci,DEF,HIGH,mapped
433036,11965,Reijnders,MID,HIGH,mapped
433154,6756,McNeil,MID,HIGH,mapped
433312,7908,Munetsi,MID,HIGH,mapped
433590,9499,Drameh,DEF,HIGH,mapped
433952,10975,Ramazani,MID,MEDIUM,mapped
433979,9912,Archer,FWD,HIGH,mapped
434024,9688,Gunnarsson,GK,HIGH,mapped
434044,10052,Slicker,GK,HIGH,mapped
434399,7432,Reinildo,DEF,HIGH,mapped
434662,9686,Dervişoğlu,FWD,HIGH,mapped
434752,6807,Bijol,DEF,HIGH,mapped
435973,7498,Foster,FWD,HIGH,mapped
435997,11966,Okafor,MID,HIGH,mapped
436234,7338,Bryan,MID,HIGH,mapped
436416,12043,Mandas,GKP,MEDIUM,mapped
436680,13301,Stolarczyk,GK,HIGH,mapped
436761,,Kitching,DEF,NONE,unmapped
436893,11745,J.Araujo,DEF,HIGH,mapped
437468,6656,Sergio Gómez,DEF,HIGH,mapped
437495,8715,Meslier,GK,HIGH,mapped
437499,8853,Lacroix,DEF,HIGH,mapped
437505,7148,Isidor,FWD,HIGH,mapped
437626,9691,Tavares,DEF,HIGH,mapped
437688,9216,Richards,DEF,MEDIUM,mapped
437730,11363,Semenyo,MID,HIGH,mapped
437738,7791,Bornauw,DEF,HIGH,mapped
437742,9689,Sambi Lokonga,MID,HIGH,mapped
437748,12094,M.Trésor,MID,HIGH,mapped
437753,7282,Biancone,DEF,HIGH,mapped
437757,7264,Massengo,MID,HIGH,mapped
437858,8777,Vitinha,MID,HIGH,mapped
438098,11007,Fábio Vieira,MID,HIGH,mapped
438234,8393,Marmoush,FWD,MEDIUM,mapped
438277,7376,Kabak,DEF,HIGH,mapped
438464,8666,C.Doucouré,MID,HIGH,mapped
439135,13459,Cashin,DEF,HIGH,mapped
439485,8455,Martin,MID,HIGH,mapped
439509,9746,Tzolis,MID,HIGH,mapped
439668,,Eccles,MID,NONE,unmapped
440089,8859,Damsgaard,MID,HIGH,mapped
440120,10424,Chesters,MID,HIGH,mapped
440148,10091,Morton,MID,HIGH,mapped
440323,8384,Broja,FWD,HIGH,mapped
440854,10012,Kiwior,DEF,HIGH,mapped
440955,,Rusyn,FWD,NONE,unmapped
440993,9307,Ndiaye,FWD,HIGH,mapped
441024,10061,Ashby,DEF,HIGH,mapped
441164,6912,Pedro Porro,DEF,HIGH,mapped
441191,9512,Livramento,DEF,HIGH,mapped
441192,10036,Sarmiento,MID,HIGH,mapped
441240,6420,Faivre,MID,HIGH,mapped
441264,9789,Brobbey,FWD,HIGH,mapped
441266,10697,Gravenberch,MID,HIGH,mapped
441271,8351,Hoever,DEF,HIGH,mapped
441302,11807,Maatsen,DEF,HIGH,mapped
441428,10187,Quansah,DEF,HIGH,mapped
441455,11700,Vitinho,DEF,HIGH,mapped
442335,10290,Kayembe,MID,HIGH,mapped
442967,,Maeda,MID,NONE,unmapped
443211,12291,Norrington-Davies,DEF,HIGH,mapped
443261,13019,J.Clarke,MID,HIGH,mapped
443296,9209,Corbeanu,MID,HIGH,mapped
443661,9948,Olise,MID,HIGH,mapped
443967,6485,Firpo,DEF,HIGH,mapped
444102,12963,Evanilson,FWD,HIGH,mapped
444145,7752,Martinelli,MID,HIGH,mapped
444172,10748,Dennis,GK,HIGH,mapped
444180,10746,Anthony,MID,HIGH,mapped
444307,,Lo-Tutala,GKP,NONE,unmapped
444463,7589,W.Fofana,DEF,HIGH,mapped
444765,10721,Van den Berg,DEF,HIGH,mapped
444884,7546,Elliott,MID,HIGH,mapped
445028,,Morita,MID,NONE,unmapped
445044,6691,Kulusevski,MID,HIGH,mapped
445122,11707,J.Timber,DEF,HIGH,mapped
445548,10453,Offiah,DEF,HIGH,mapped
446008,6552,Mbeumo,MID,HIGH,mapped
446281,10525,Springett,MID,HIGH,mapped
447093,9257,Tchaptchet,DEF,HIGH,mapped
447203,10720,Darwin,FWD,HIGH,mapped
447325,9411,Tyrer,GKP,MEDIUM,mapped
447715,9913,Ramsey,MID,HIGH,mapped
447720,11571,Samuels,DEF,HIGH,mapped
447880,10005,Wilson-Esbrand,DEF,HIGH,mapped
447932,10740,Zemura,DEF,HIGH,mapped
448047,11356,Enzo,MID,HIGH,mapped
448089,11384,J.Gomes,MID,HIGH,mapped
448104,9911,Hincapie,DEF,HIGH,mapped
448487,9223,Söndergaard,GK,HIGH,mapped
448514,6674,Aït-Nouri,DEF,HIGH,mapped
448791,8458,White,MID,HIGH,mapped
449027,9693,Mamardashvili,GK,HIGH,mapped
449428,,Jacob,DEF,NONE,unmapped
449429,12745,Greaves,DEF,HIGH,mapped
449434,9524,Elanga,MID,HIGH,mapped
449781,8511,Jankewitz,MID,HIGH,mapped
449871,9667,Onana,MID,HIGH,mapped
449988,8778,Fábio Silva,FWD,HIGH,mapped
450070,9492,Summerville,MID,HIGH,mapped
450072,,Sambo,DEF,NONE,unmapped
450434,10804,Undav,FWD,HIGH,mapped
450527,6923,Salisu,DEF,HIGH,mapped
450529,8544,Bate,MID,HIGH,mapped
450535,10698,Ebiowei,MID,HIGH,mapped
450539,10205,Peart-Harris,MID,HIGH,mapped
450542,9461,Rak-Sakyi,MID,HIGH,mapped
450550,9916,Stevens,DEF,HIGH,mapped
451284,,van Ewijk,DEF,NONE,unmapped
451302,12054,Bayindir,GK,HIGH,mapped
451340,10806,Mitoma,MID,LOW,mapped
451432,,David Carmo,DEF,NONE,unmapped
451490,,Costinha,DEF,NONE,unmapped
454490,9887,Svoboda,DEF,MEDIUM,mapped
454667,10301,Cajuste,MID,HIGH,mapped
455084,8919,Davis,DEF,HIGH,mapped
456350,10765,Bazunu,GK,HIGH,mapped
456512,8662,Ndoye,MID,HIGH,mapped
456966,9256,Watts,MID,HIGH,mapped
457569,12032,Petrović,GK,HIGH,mapped
458249,8044,Zirkzee,FWD,HIGH,mapped
458297,10284,Ekwah,MID,MEDIUM,mapped
460028,10805,Colwill,DEF,HIGH,mapped
460029,10150,Young-Coombes,FWD,HIGH,mapped
460842,12027,Kudus,MID,HIGH,mapped
461025,11272,Butler-Oyedeji,FWD,HIGH,mapped
461026,9741,Campbell,MID,HIGH,mapped
461096,9082,Richardson,FWD,HIGH,mapped
461102,8483,Thomas,DEF,MEDIUM,mapped
461188,11243,Humphreys,DEF,HIGH,mapped
461195,8537,Cirkin,DEF,HIGH,mapped
461199,11461,Mundle,MID,HIGH,mapped
461201,10579,Craig,MID,HIGH,mapped
461358,10846,J.Alvarez,FWD,HIGH,mapped
461416,11232,Cannon,FWD,HIGH,mapped
461421,10027,Dobbin,MID,HIGH,mapped
461446,9287,Onyango,MID,HIGH,mapped
461453,10775,Warrington,MID,HIGH,mapped
461484,9959,White,MID,HIGH,mapped
461537,12531,Mee,GKP,MEDIUM,mapped
461566,9557,Fish,DEF,HIGH,mapped
461567,9827,Dodgson,DEF,MEDIUM,mapped
461584,11368,Marcal,MID,HIGH,mapped
461587,10166,McAteer,MID,HIGH,mapped
461682,12034,B.Aguilera,MID,HIGH,mapped
462116,6816,Todibo,DEF,HIGH,mapped
462381,10173,Marschall,GK,HIGH,mapped
462387,12751,Al-Hamadi,FWD,HIGH,mapped
462424,6888,Saliba,DEF,HIGH,mapped
462492,12445,Gauci,GK,HIGH,mapped
462635,9339,Gelhardt,FWD,HIGH,mapped
463034,8868,Delap,FWD,HIGH,mapped
463067,6937,Georginio,MID,MEDIUM,mapped
463210,11594,Charles,MID,HIGH,mapped
463212,13092,Forbs,MID,HIGH,mapped
463748,9692,Hein,GK,HIGH,mapped
463903,9752,Lindstrøm,MID,HIGH,mapped
463936,10542,Gittens,MID,HIGH,mapped
463981,10747,Hill,DEF,HIGH,mapped
464353,11028,Davies,GK,HIGH,mapped
464618,9933,McCarron,MID,HIGH,mapped
465247,14056,Lammens,GK,HIGH,mapped
465351,11000,Matheus N.,MID,HIGH,mapped
465390,9409,Kesler-Hayden,DEF,MEDIUM,shared_understat_id
465525,8644,Matazo,MID,MEDIUM,mapped
465527,9558,Hannibal,MID,MEDIUM,mapped
465572,9250,Khadra,MID,HIGH,mapped
465607,7967,Ansu Fati,MID,HIGH,mapped
465642,8378,Thiaw,DEF,HIGH,mapped
465680,8056,Kalimuendo,FWD,HIGH,mapped
465694,9802,N.Gonzalez,MID,HIGH,mapped
465702,8701,Pembele,DEF,MEDIUM,mapped
465730,13711,De Cuyper,DEF,HIGH,mapped
465920,11305,Mudryk,MID,HIGH,mapped
466052,8094,Cherki,MID,HIGH,mapped
466075,8129,Calafiori,DEF,HIGH,mapped
466117,9274,Ahamada,MID,HIGH,mapped
466404,9833,Omobamidele,DEF,HIGH,mapped
466525,9910,Stach,MID,HIGH,mapped
467169,11094,Antony,MID,HIGH,mapped
467189,12910,Hermansen,GK,HIGH,mapped
467779,12758,Wieffer,MID,HIGH,mapped
469130,11936,Lucca,FWD,HIGH,mapped
469142,10807,Van Hecke,DEF,HIGH,mapped
469247,10616,Iling Jr,MID,HIGH,mapped
469272,9977,Tchaouna,MID,HIGH,mapped
470294,10752,Gyabi,MID,HIGH,mapped
470313,8117,Woltemade,FWD,HIGH,mapped
470315,8401,Netz,DEF,HIGH,mapped
470551,,Horníček,GKP,NONE,unmapped
471471,7278,Louza,MID,HIGH,mapped
471798,13854,Slonina,GKP,MEDIUM,mapped
471848,9540,Seriki,MID,HIGH,mapped
472464,9359,Shoretire,MID,HIGH,mapped
472713,8942,Hickey,DEF,HIGH,mapped
472739,12760,Rushworth,GK,HIGH,mapped
472769,11592,O’Reilly,MID,HIGH,mapped
473284,,Tzolakis,GKP,NONE,unmapped
473341,7333,Okoli,DEF,HIGH,mapped
473342,10001,McKinstry,MID,HIGH,mapped
474120,11058,Enciso,MID,HIGH,mapped
474907,9469,Welch,DEF,MEDIUM,mapped
475123,12764,C.Miguel,GK,HIGH,mapped
475168,8272,João Pedro,FWD,HIGH,mapped
475480,12204,Baker-Boaitey,MID,HIGH,mapped
476344,11366,Duran,FWD,HIGH,mapped
476369,9619,Kaboré,DEF,HIGH,mapped
476502,8119,B.Traore,MID,HIGH,mapped
476887,8920,Bakwa,MID,HIGH,mapped
476888,8970,Mara,FWD,HIGH,mapped
477064,10847,Lewis,DEF,HIGH,mapped
477386,9710,Bella-Kotchap,DEF,HIGH,mapped
477424,9790,Gvardiol,DEF,HIGH,mapped
477547,10028,Hjelde,DEF,HIGH,mapped
477555,11903,Bobb,MID,HIGH,mapped
477580,11486,Zabarnyi,DEF,HIGH,mapped
477717,9487,Estève,DEF,HIGH,mapped
477851,,Ba,MID,NONE,unmapped
478028,10203,Kayky,FWD,HIGH,mapped
478912,9356,Chukwuemeka,MID,HIGH,mapped
478969,11704,Ekdal,DEF,HIGH,mapped
479683,11035,Marquinhos,MID,HIGH,mapped
480455,8476,Branthwaite,DEF,HIGH,mapped
480457,,Rudoni,MID,NONE,unmapped
481283,11488,Wright,GKP,MEDIUM,mapped
481405,9682,Bidstrup,MID,HIGH,mapped
481510,11367,Kristiansen,DEF,HIGH,mapped
481624,9415,Jaden,MID,LOW,mapped
481655,7526,Zubimendi,MID,HIGH,mapped
482158,11809,Bergström,GK,HIGH,mapped
482442,9021,P.M.Sarr,MID,HIGH,mapped
482609,9017,Gusto,DEF,HIGH,mapped
482769,11378,Perrone,MID,HIGH,mapped
482973,13778,Igor Jesus,FWD,HIGH,mapped
483067,,Silva,DEF,NONE,unmapped
483081,12756,R.Gomes,MID,HIGH,mapped
483364,11369,Hegyi,GKP,MEDIUM,mapped
483365,10172,Rowe,MID,HIGH,mapped
484389,,Dovin,GKP,NONE,unmapped
484420,8651,E.Le Fée,MID,HIGH,mapped
485047,13068,Morato,DEF,HIGH,mapped
485055,13348,Kinsky,GK,HIGH,mapped
485337,8006,Guessand,MID,HIGH,mapped
485711,11974,Šeško,FWD,HIGH,mapped
486385,9983,Beto,FWD,HIGH,mapped
486520,8000,Gruev,MID,HIGH,mapped
486672,9453,Caicedo,MID,HIGH,mapped
486870,9254,Alves,DEF,HIGH,mapped
487053,8831,Udogie,DEF,HIGH,mapped
487117,10177,Ferguson,FWD,HIGH,mapped
487676,13713,Hume,DEF,HIGH,mapped
487702,10620,Koleosho,MID,HIGH,mapped
487818,11005,Whitworth,GK,HIGH,mapped
487828,12340,Forson,MID,HIGH,mapped
487836,9222,Hackford,FWD,HIGH,mapped
487837,11242,Mubama,FWD,HIGH,mapped
487838,10216,Hall,DEF,HIGH,mapped
487968,11699,Al-Dakhil,DEF,HIGH,mapped
488024,9024,Yeremy,MID,HIGH,mapped
488213,8875,Tolu,FWD,HIGH,mapped
488404,9324,Pellistri,MID,HIGH,mapped
488439,12782,Coulibaly,DEF,HIGH,mapped
488464,12837,Wiley,DEF,HIGH,mapped
489571,9294,Green,GKP,MEDIUM,mapped
489580,11214,Ramsay,DEF,MEDIUM,mapped
489639,11711,Verbruggen,GK,HIGH,mapped
489706,13038,Devenny,MID,HIGH,mapped
489888,8211,Adli,MID,HIGH,mapped
490000,,Nna Noukeu,GKP,NONE,unmapped
490094,9554,Iroegbunam,MID,HIGH,mapped
490142,13724,Potts,MID,HIGH,mapped
490145,9332,Scarlett,FWD,HIGH,mapped
490146,10718,Stansfield,FWD,HIGH,mapped
490150,12215,Ndiweni,FWD,HIGH,mapped
490161,10526,Kamara,MID,MEDIUM,mapped
490503,10072,Edozie,MID,HIGH,mapped
490721,10140,H.Bueno,DEF,HIGH,mapped
490881,12461,Collyer,MID,HIGH,mapped
490885,12474,Earthy,MID,HIGH,mapped
491007,13094,D.Essugo,MID,HIGH,mapped
491012,11984,Y. Chermiti,FWD,HIGH,mapped
491279,10050,Van de Ven,DEF,HIGH,mapped
491287,11140,Barrenechea,MID,HIGH,mapped
491501,11811,McConnell,MID,HIGH,mapped
491557,12269,Metcalfe,MID,HIGH,mapped
491559,9470,Price,MID,HIGH,mapped
491598,11544,Peupion,MID,HIGH,mapped
491745,12270,Campbell,DEF,MEDIUM,mapped
491970,10997,Clark,MID,HIGH,mapped
492066,9219,Huggins,FWD,HIGH,mapped
492368,13974,Schmidt,DEF,MEDIUM,mapped
492373,9220,Cresswell,DEF,HIGH,mapped
492498,,Borges Rodrigues,MID,NONE,unmapped
492776,11233,Lembikisa,DEF,HIGH,mapped
492777,10120,Bradley,DEF,HIGH,mapped
492831,11701,Amdouni,FWD,HIGH,mapped
492859,11155,Gnonto,FWD,HIGH,mapped
493105,10552,Garnacho,MID,HIGH,mapped
493125,9105,Dragusin,DEF,HIGH,mapped
493250,8127,Amad,MID,HIGH,mapped
493362,8700,Xavi,MID,HIGH,mapped
493837,,Matete,MID,NONE,unmapped
493934,9846,Baah,MID,HIGH,mapped
494041,11986,Brierley,MID,HIGH,mapped
494307,13298,Alleyne,DEF,HIGH,mapped
494521,8640,Truffert,DEF,HIGH,mapped
494541,11582,Doyle,MID,HIGH,mapped
494543,11583,Ballard,FWD,HIGH,mapped
494595,8397,Wirtz,MID,HIGH,mapped
494779,12880,Grønbæk,MID,HIGH,mapped
494928,,Sanchez,DEF,NONE,unmapped
494950,,Cartwright,GKP,NONE,unmapped
494960,13727,Hartman,DEF,HIGH,mapped
495024,13582,Jay Robinson,FWD,HIGH,mapped
495145,,Paulsen,GKP,NONE,unmapped
495161,,Stamenic,MID,NONE,unmapped
495542,8109,Nkounkou,DEF,HIGH,mapped
496178,12946,Dixon,DEF,HIGH,mapped
496179,9306,Devine,MID,HIGH,mapped
496185,10118,Gordon,MID,HIGH,mapped
496208,11231,Doak,MID,HIGH,mapped
496221,12409,Wharton,MID,HIGH,mapped
496228,10141,Perkins,MID,HIGH,mapped
496279,13457,Heath,MID,MEDIUM,mapped
496661,10586,Dibling,MID,HIGH,mapped
496683,11365,Kinsey,DEF,MEDIUM,mapped
497606,12234,Chirewa,MID,HIGH,mapped
497894,11055,Højlund,FWD,HIGH,mapped
497949,13740,Møller Wolfe,DEF,HIGH,mapped
498016,13712,Roefs,GK,HIGH,mapped
498046,10351,Oulad M'hand,MID,HIGH,mapped
499167,13115,Nichols,DEF,HIGH,mapped
499169,12272,Lewis-Skelly,MID,HIGH,mapped
499175,11132,Nwaneri,MID,HIGH,mapped
499300,12371,Aznou,DEF,MEDIUM,mapped
499309,11633,Marc Guiu,FWD,HIGH,mapped
499604,14395,Rayan,MID,HIGH,mapped
499716,14176,Rowswell,DEF,HIGH,mapped
499717,13067,Meghoma,DEF,HIGH,mapped
499721,12603,Moore,MID,HIGH,mapped
499724,11618,Amo-Ameyaw,MID,HIGH,mapped
499726,13224,Olusesi,MID,HIGH,mapped
499857,12561,Sharman-Lowe,GKP,MEDIUM,mapped
500016,13403,Welington,DEF,HIGH,mapped
500040,10024,Mosquera,DEF,HIGH,mapped
500058,12455,Danns,FWD,HIGH,mapped
500151,12905,Savona,DEF,HIGH,mapped
500696,,Triantis,MID,NONE,unmapped
500926,13239,Edwards,DEF,HIGH,mapped
500957,,Destan,FWD,NONE,unmapped
501284,11487,Olakigbe,MID,HIGH,mapped
501390,,Núñez,MID,NONE,unmapped
501459,,Sakamoto,MID,NONE,unmapped
501770,10167,Nelson,DEF,HIGH,mapped
501837,9958,Mosquera,DEF,HIGH,mapped
501902,,Hughes,DEF,NONE,unmapped
502222,13021,Sosa,MID,HIGH,mapped
502500,13222,Thiago,FWD,HIGH,mapped
502697,11297,Alcaraz,MID,HIGH,mapped
502988,14355,Imray,DEF,MEDIUM,mapped
503037,11817,Emegha,FWD,MEDIUM,mapped
503139,12149,Scott,MID,HIGH,mapped
503300,10093,Cox,GKP,MEDIUM,mapped
503301,10348,Hutchinson,MID,HIGH,mapped
503714,9451,Ugochukwu,MID,HIGH,mapped
503724,8973,Assignon,DEF,HIGH,mapped
504198,11730,Slimane,MID,HIGH,mapped
504296,13462,Ebere,MID,MEDIUM,mapped
504598,11987,Gore,MID,HIGH,mapped
504783,9630,Kamaldeen,MID,HIGH,mapped
505079,14308,McNally,GKP,MEDIUM,mapped
505187,10433,Casadei,MID,HIGH,mapped
507433,12595,Valdimarsson,GK,HIGH,mapped
508395,11772,Yarmoliuk,MID,HIGH,mapped
508479,9272,Jørgensen,GK,HIGH,mapped
509291,13022,André,MID,HIGH,mapped
509416,11385,Ayari,MID,HIGH,mapped
510281,11735,Savinho,MID,HIGH,mapped
510362,10293,Toti,DEF,HIGH,mapped
510363,10327,Chiquinho,MID,HIGH,mapped
510500,12766,Jota Silva,MID,HIGH,mapped
510663,8995,Ekitiké,FWD,HIGH,mapped
511499,9780,Tel,MID,HIGH,mapped
511783,11703,Zaroury,MID,HIGH,mapped
512462,12014,O'Brien,DEF,HIGH,mapped
513046,11317,Danilo,MID,HIGH,mapped
513086,,Schuster,DEF,NONE,unmapped
513418,9156,Schade,MID,HIGH,mapped
513433,11310,Gruda,MID,HIGH,mapped
513466,11331,Röhl,MID,HIGH,mapped
513527,13020,El Khannouss,MID,HIGH,mapped
513545,,Sangaré,MID,NONE,unmapped
513588,12118,Donley,FWD,HIGH,mapped
513834,11193,Moran,MID,HIGH,mapped
514254,13364,Gómez,MID,HIGH,mapped
514277,12497,Tauriainen,MID,HIGH,mapped
514280,11595,Gilchrist,DEF,HIGH,mapped
514287,11393,Swinkels,DEF,HIGH,mapped
514315,11133,Sousa,DEF,MEDIUM,mapped
514356,10004,Lavia,MID,HIGH,mapped
514362,12575,Ojinnaka,MID,MEDIUM,mapped
514514,12434,Koumas,MID,MEDIUM,mapped
514613,,Johnson,DEF,NONE,unmapped
515024,10719,Harris,MID,HIGH,mapped
515046,14425,Ellborg,GKP,HIGH,mapped
515501,10576,Álvaro Fernández,DEF,HIGH,mapped
515571,11078,Larios,DEF,HIGH,mapped
515597,10025,Bogarde,DEF,HIGH,mapped
515621,11167,Chadi Riad,DEF,HIGH,mapped
516159,11394,Zych,GK,HIGH,mapped
516211,11046,Sima,MID,MEDIUM,mapped
516234,14255,Gray,MID,MEDIUM,mapped
516250,12427,Wright,MID,HIGH,mapped
516875,14218,Hollingshead,GKP,MEDIUM,mapped
516895,11174,Mainoo,MID,HIGH,mapped
516939,10856,Agbadou,DEF,HIGH,mapped
517052,10048,N.Jackson,FWD,HIGH,mapped
517179,13117,Pond,DEF,HIGH,mapped
518030,13731,Weiss,GKP,HIGH,mapped
518335,14317,Merrick,GKP,MEDIUM,mapped
518438,11409,Casey,DEF,HIGH,mapped
518442,12296,Orford,MID,HIGH,mapped
518466,12275,Kambwala,DEF,HIGH,mapped
518620,11818,Ângelo,MID,HIGH,mapped
518906,11034,Bevan,DEF,HIGH,mapped
519198,12086,Matos,MID,HIGH,mapped
519321,12193,Dorrington,DEF,HIGH,mapped
519324,11241,Cozier-Duberry,MID,HIGH,mapped
519327,11509,Abbott,MID,HIGH,mapped
519440,14236,Lucky,DEF,MEDIUM,mapped
519634,13714,Seelt,DEF,HIGH,mapped
519895,13726,Sonne,DEF,HIGH,mapped
519913,14272,Fletcher,MID,HIGH,mapped
520295,11295,D.D.Fofana,FWD,HIGH,mapped
521966,12581,Munroe,DEF,HIGH,mapped
522047,13879,Muharemović,DEF,MEDIUM,mapped
523700,9509,Jebbison,FWD,HIGH,mapped
523705,12113,Tchatchoua,DEF,HIGH,mapped
523957,11729,T.Bénie,FWD,HIGH,mapped
524180,1061,Humphreys,MID,HIGH,mapped
530121,13351,Silcott-Duberry,MID,HIGH,mapped
530318,11033,Rodney,MID,HIGH,mapped
530335,14290,Pablo,FWD,HIGH,mapped
531170,13463,Djiga,DEF,HIGH,mapped
531363,11210,Fraser,FWD,HIGH,mapped
531442,12911,A.Fatawu,MID,HIGH,mapped
531989,11268,Ozoh,MID,HIGH,mapped
531997,13273,Cartwright,MID,HIGH,mapped
532372,12449,Arblaster,MID,HIGH,mapped
532529,11269,Hinshelwood,MID,HIGH,mapped
532534,13302,Alves,MID,HIGH,mapped
532535,13304,Wilson-Brown,DEF,HIGH,mapped
532605,11808,Andrey Santos,MID,HIGH,mapped
533463,9662,O.Dango,MID,HIGH,mapped
533710,13472,Morgan,FWD,MEDIUM,mapped
534392,11810,Burstow,FWD,HIGH,mapped
534836,11507,Patterson,DEF,MEDIUM,mapped
535017,13408,Eyestone,GKP,MEDIUM,mapped
535301,10527,Baleba,MID,HIGH,mapped
535818,11710,Adingra,MID,HIGH,mapped
535928,10723,Bajcetic,MID,HIGH,mapped
536109,12358,Scarles,DEF,HIGH,mapped
536119,,Crew,MID,NONE,unmapped
536134,14409,Kyerematen,MID,MEDIUM,mapped
536241,13345,Sherif,FWD,HIGH,mapped
536661,14424,Angulo,MID,HIGH,mapped
536694,12152,M.França,MID,HIGH,mapped
536908,12105,Veliz,FWD,HIGH,mapped
536916,11362,Buonanotte,MID,HIGH,mapped
537043,9409,Kesler Hayden,DEF,HIGH,shared_understat_id
537403,11240,Young,MID,HIGH,mapped
538207,9556,Osula,FWD,HIGH,mapped
538210,11731,Brooks,MID,HIGH,mapped
538638,,Bindon,DEF,NONE,unmapped
539142,12955,Amenda,DEF,MEDIUM,mapped
539721,13219,McConville,DEF,HIGH,mapped
540324,,Belloumi,MID,NONE,unmapped
541462,13344,Akinmboni,DEF,HIGH,mapped
543158,12498,Barco,DEF,HIGH,mapped
543295,13780,Milambo,MID,HIGH,mapped
543968,,Emersonn,FWD,NONE,unmapped
544877,11709,Kerkez,DEF,HIGH,mapped
545477,12199,A.Murphy,DEF,HIGH,mapped
545508,13258,O'Brien-Whitmarsh,MID,HIGH,mapped
546600,,Van Oevelen,GKP,NONE,unmapped
547027,9767,Diarra,MID,HIGH,mapped
547037,13150,Fletcher,MID,HIGH,mapped
547410,13722,H.Jones,MID,MEDIUM,mapped
547676,13467,Fredricson,DEF,HIGH,mapped
547692,13286,Rak-Sakyi,MID,HIGH,mapped
547701,10184,Gray,MID,HIGH,mapped
547716,12198,Parkinson,FWD,HIGH,mapped
547719,11386,Miley,MID,HIGH,mapped
547720,13570,Tasker,DEF,MEDIUM,mapped
547801,13204,Bates,MID,HIGH,mapped
548308,12031,A.Phillips,DEF,HIGH,mapped
549067,13306,Abbott,DEF,HIGH,mapped
549068,11739,Kellyman,MID,HIGH,mapped
549074,14029,Watson,MID,HIGH,mapped
549329,11824,Lucas Pires,DEF,HIGH,mapped
549344,12465,Curtis,DEF,HIGH,mapped
549640,13606,Golding,MID,HIGH,mapped
549653,,Bassette,FWD,NONE,unmapped
549912,13717,Talbi,MID,HIGH,mapped
549939,13816,Penders,GKP,MEDIUM,mapped
550090,10169,Coppola,DEF,HIGH,mapped
550141,,Mazilu,MID,NONE,unmapped
550596,11300,Sadi,MID,HIGH,mapped
550615,12573,George,MID,HIGH,mapped
550839,10822,Odobert,MID,HIGH,mapped
550864,10564,Yoro,DEF,HIGH,mapped
551153,,Luís Hemir,FWD,NONE,unmapped
551206,14281,Banel,MID,HIGH,mapped
551210,13776,Hato,DEF,HIGH,mapped
551221,13011,Setford,GK,HIGH,mapped
551226,12948,M.Fernandes,MID,HIGH,mapped
551230,11383,Renato Veiga,MID,HIGH,mapped
551232,12418,Ribeiro,FWD,HIGH,mapped
551262,,Markelo,FWD,NONE,unmapped
551466,,García,FWD,NONE,unmapped
551483,12168,A.Jimenez,DEF,HIGH,mapped
551499,13279,Munoz,MID,MEDIUM,mapped
552425,12251,Peck,MID,HIGH,mapped
552427,13127,Lankshear,FWD,HIGH,mapped
552946,,Hjertø-Dahl,MID,NONE,unmapped
553299,14279,Takai,DEF,MEDIUM,mapped
553746,13572,Shahar,DEF,MEDIUM,mapped
553783,,Zambrano,MID,NONE,unmapped
554194,13185,Simpson-Pusey,DEF,HIGH,mapped
554197,13719,Rigg,MID,HIGH,mapped
554578,,Jaouen,GKP,NONE,unmapped
554605,11943,Huijsen,DEF,HIGH,mapped
556637,14127,Oriola,MID,HIGH,mapped
556639,13196,Fitzgerald,MID,HIGH,mapped
557012,,Walle Egeli,FWD,NONE,unmapped
559610,14405,Bentt,MID,MEDIUM,mapped
559684,13468,Moorhouse,MID,MEDIUM,mapped
559962,13310,Jimoh,MID,HIGH,mapped
560248,11775,Meupiyou,DEF,HIGH,mapped
560262,11504,Kroupi.Jr,FWD,HIGH,mapped
560441,,Cuiabano,DEF,NONE,unmapped
560552,14030,Kevin,MID,HIGH,mapped
561245,11186,Rodríguez,FWD,MEDIUM,mapped
563324,13607,Clarke,DEF,MEDIUM,mapped
564406,13718,Mayenda,FWD,HIGH,mapped
564505,12273,Proctor,GKP,MEDIUM,mapped
564510,,Kuol,MID,NONE,unmapped
564940,10770,S.Magassa,MID,HIGH,mapped
565297,11208,Mateo Joseph,FWD,HIGH,mapped
565431,12359,Marshall,FWD,HIGH,mapped
565858,13170,Cahill,GK,HIGH,mapped
565863,14306,Chambers,MID,MEDIUM,mapped
566164,,Nypan,MID,NONE,unmapped
566213,14054,Mfuni,DEF,MEDIUM,mapped
567119,13476,Mheuka,FWD,HIGH,mapped
567121,13399,Knight,MID,HIGH,mapped
568791,12582,McKenna,GK,HIGH,mapped
569014,12765,Da Silva Moreira,MID,HIGH,mapped
569577,13869,Rowe,DEF,MEDIUM,mapped
570241,12136,Ji-soo,DEF,LOW,mapped
570526,12912,Bergvall,MID,HIGH,mapped
571779,,Palacios,MID,NONE,unmapped
572702,14504,Lamadrid,MID,MEDIUM,mapped
573062,11164,Godo,MID,HIGH,mapped
574398,12454,Umeh-Chibueze,MID,HIGH,mapped
574402,12205,O’Mahony,FWD,HIGH,mapped
574458,11253,M.Sarr,DEF,HIGH,mapped
574799,13363,Ajayi,MID,HIGH,mapped
575034,12568,Wheatley,FWD,HIGH,mapped
575204,13649,Echeverri,MID,HIGH,mapped
575458,13779,Jair Cunha,DEF,HIGH,mapped
575476,12123,Murillo,DEF,HIGH,mapped
575901,13474,Soler,DEF,HIGH,mapped
576323,,Adewumi,MID,NONE,unmapped
576620,14266,Bendito Mantato,MID,HIGH,mapped
576628,14198,Lacey,MID,HIGH,mapped
576637,13259,Kukonki,DEF,HIGH,mapped
576756,,Redmond,FWD,NONE,unmapped
576980,13203,Marsh,FWD,HIGH,mapped
577016,12535,Acheampong,DEF,HIGH,mapped
577114,13026,L.Guilherme,MID,HIGH,mapped
577285,14193,George Hemmings,MID,HIGH,mapped
577411,,Brau,DEF,NONE,unmapped
577669,13716,Sadiki,MID,HIGH,mapped
577725,12410,King,MID,HIGH,mapped
577731,13221,Broggio,MID,HIGH,mapped
577974,12559,Amass,DEF,HIGH,mapped
578153,11763,Khusanov,DEF,HIGH,mapped
578512,,Pivas,DEF,NONE,unmapped
578545,12775,Nedeljkovic,DEF,HIGH,mapped
578614,5563,Boateng,MID,MEDIUM,mapped
579075,13039,Agbinone,MID,HIGH,mapped
580921,14254,Heskey,MID,MEDIUM,mapped
585472,12158,Oné,MID,HIGH,mapped
586268,14168,Pécsi,GKP,MEDIUM,mapped
586309,12916,Barry,FWD,HIGH,mapped
587178,,Yasin,DEF,NONE,unmapped
588555,13410,Harrison,GKP,MEDIUM,mapped
588793,13081,Kacurri,DEF,HIGH,mapped
588796,13082,Kabia,MID,HIGH,mapped
589100,13238,Slater,DEF,HIGH,mapped
589114,12188,Nelson,MID,HIGH,mapped
589121,14284,Sutherland,MID,MEDIUM,mapped
589507,12532,Chiwome,FWD,HIGH,mapped
590012,13130,Kporha,DEF,HIGH,mapped
590014,13777,Cardines,MID,HIGH,mapped
590035,14175,Akhamrich,MID,MEDIUM,mapped
590039,14055,Mukasa,MID,HIGH,mapped
590760,11301,Adu-Adjei,FWD,HIGH,mapped
591357,11146,Trevitt,MID,HIGH,mapped
591384,14328,King,DEF,MEDIUM,mapped
591385,13250,Amissah,DEF,HIGH,mapped
591386,12203,Nyoni,MID,HIGH,mapped
592031,12759,Minteh,MID,HIGH,mapped
592662,13104,Yogane,MID,HIGH,mapped
592736,13287,King,DEF,HIGH,mapped
593001,12047,Gonzalez,MID,HIGH,mapped
593117,,Quenda,MID,NONE,unmapped
593174,14356,Furo,FWD,HIGH,mapped
596042,14144,Morrison,MID,MEDIUM,mapped
596047,13466,Obi,FWD,HIGH,mapped
596054,13220,Edozie,MID,HIGH,mapped
596777,11944,Dorgu,DEF,HIGH,mapped
597320,13584,Harry Howell,MID,HIGH,mapped
599303,13532,Neave,FWD,HIGH,mapped
600882,14073,Gray,FWD,MEDIUM,mapped
601956,14257,Olagunju,DEF,MEDIUM,mapped
602903,13247,Mayers,DEF,HIGH,mapped
604211,14277,Tutierov,MID,MEDIUM,mapped
604988,13583,Simmonds,DEF,MEDIUM,mapped
605319,14256,Rawlings,MID,MEDIUM,mapped
606689,14217,Donovan,MID,HIGH,mapped
606702,11545,Jacquet,DEF,MEDIUM,mapped
606745,13080,Heaven,DEF,HIGH,mapped
606774,13307,Rees-Dottin,FWD,HIGH,mapped
606775,13242,Winterburn,MID,HIGH,mapped
606798,13392,A. Garcia,DEF,HIGH,mapped
606921,13387,Esse,MID,HIGH,mapped
607464,11281,Kayode,DEF,HIGH,mapped
608181,14028,Tzimas,FWD,HIGH,mapped
608227,,Stroud,MID,NONE,unmapped
609640,12808,Amougou,MID,HIGH,mapped
609873,12757,Armstrong,MID,HIGH,mapped
610799,13725,Vuskovic,DEF,MEDIUM,mapped
611011,11980,Johnson,DEF,HIGH,mapped
611134,13818,Paez,MID,MEDIUM,mapped
611665,13427,Touré,MID,MEDIUM,mapped
611695,,Yalcouye,MID,NONE,unmapped
611912,14112,Emenalo,MID,MEDIUM,mapped
611917,13249,Williams-Barnett,MID,HIGH,mapped
611920,13225,Hardy,DEF,HIGH,mapped
611922,13692,Ngumoha,MID,HIGH,mapped
611926,12534,Nallo,DEF,HIGH,mapped
611975,,Abdullahi,FWD,NONE,unmapped
612534,12397,Fredrick,DEF,MEDIUM,mapped
612855,13792,I.Osman,MID,HIGH,mapped
613120,13299,Brits,GK,HIGH,mapped
613467,12500,Okoduwa,DEF,HIGH,mapped
613804,13723,Diouf,DEF,HIGH,mapped
614071,13102,Manzambi,MID,MEDIUM,mapped
614574,14374,Tóth.A,MID,HIGH,mapped
616059,13378,Porter,GK,HIGH,mapped
616065,14220,Salmon,DEF,MEDIUM,mapped
616077,13872,Dowman,MID,HIGH,mapped
616221,14410,Souza,DEF,HIGH,mapped
616222,13380,Vitor Reis,DEF,HIGH,mapped
616288,14097,McAidoo,MID,MEDIUM,mapped
617054,12033,Deivid,FWD,HIGH,mapped
618027,14288,Carroll,DEF,MEDIUM,mapped
618873,13469,Kone,MID,MEDIUM,mapped
619146,13586,Olabade Aluko,DEF,HIGH,mapped
619536,14270,Ridgeon,MID,MEDIUM,mapped
620109,11551,Palestra,DEF,MEDIUM,mapped
620408,13636,Kayi Sanda,DEF,HIGH,mapped
620487,14027,Milosavljević,DEF,HIGH,mapped
622536,12533,Arthur,DEF,HIGH,mapped
622758,13460,Anselmino,DEF,MEDIUM,mapped
623095,13362,Yang,MID,HIGH,mapped
623110,13710,Seung soo,MID,MEDIUM,mapped
624773,13775,Estêvão,MID,HIGH,mapped
626464,13588,G.Nunes,MID,HIGH,mapped
626844,14478,Aleksić,MID,MEDIUM,mapped
628204,12633,Konak,MID,HIGH,mapped
629068,14283,Graham,FWD,MEDIUM,mapped
629397,,Andrews,MID,NONE,unmapped
630664,13585,Jake Evans,MID,HIGH,mapped
630699,14219,Mohamadou Kanté,MID,HIGH,mapped
631106,14285,Casey,FWD,MEDIUM,mapped
631786,13262,Kusi-Asare,FWD,HIGH,mapped
632794,13214,Bamba,MID,MEDIUM,mapped
632822,13300,Harris,DEF,HIGH,mapped
636852,,Steur,MID,NONE,unmapped
640108,,Antoñito C.,MID,NONE,unmapped
640419,14134,Byfield,DEF,HIGH,mapped
641221,13156,Pedro Lima,DEF,HIGH,mapped
643135,13200,Fer López,MID,HIGH,mapped
643426,14278,Benamar,DEF,MEDIUM,mapped
643473,14179,Golambeckis,DEF,MEDIUM,mapped
645618,13870,Burrowes,MID,HIGH,mapped
646243,14000,Harriman-Annous,MID,MEDIUM,mapped
647671,13484,Mané,FWD,HIGH,mapped
647681,13031,Leoni,DEF,MEDIUM,mapped
647850,14118,Kostoulas,FWD,HIGH,mapped
647960,14282,Pimlott,MID,MEDIUM,mapped
649208,13579,Monga,MID,HIGH,mapped
651426,13091,Canvot,DEF,HIGH,mapped
653481,14446,Alysson,MID,HIGH,mapped
658013,14367,Stevens,MID,MEDIUM,mapped
660392,12726,Uche,FWD,HIGH,mapped
661712,14057,D.Leon,DEF,MEDIUM,mapped
661800,,McCarthy,DEF,NONE,unmapped
661888,,Yirenkyi,MID,NONE,unmapped
664015,14265,Leon Routh,DEF,MEDIUM,mapped
666607,14273,Alabi,MID,MEDIUM,mapped
672492,14263,Drakes-Thomas,MID,HIGH,mapped
678552,14215,DaCosta,MID,MEDIUM,mapped
684268,,Shepherd,MID,NONE,unmapped
685628,14394,Abbey,MID,HIGH,mapped
699989,14460,Jocelin.T,MID,HIGH,mapped
700308,,Yohanna,MID,NONE,unmapped
704232,14292,Brierley,MID,MEDIUM,mapped
