season,fpl_code,element,player_name,position,team_name
2026-27,17761,229,Tarkowski,DEF,Everton
2026-27,21205,414,Heaton,GKP,Man Utd
2026-27,40383,58,Forster,GKP,Bournemouth
2026-27,49262,111,Steele,GKP,Brighton
2026-27,50093,302,Button,GKP,Ipswich Town
2026-27,50175,136,Welbeck,FWD,Chelsea
2026-27,54469,64,Smith,DEF,Bournemouth
2026-27,56979,101,Henderson,MID,Chelsea
2026-27,59735,325,Darlow,GKP,Man Utd
2026-27,60307,124,Groß,MID,Brighton
2026-27,60689,490,Wood,FWD,Nott'm Forest
2026-27,67089,497,Dubravka,GKP,Spurs
2026-27,72147,29,M.Bizot,GKP,Aston Villa
2026-27,75115,108,Wilson,FWD,Brentford
2026-27,76357,266,Cairney,MID,Fulham
2026-27,78916,448,Burn,DEF,Newcastle
2026-27,80178,178,Bidwell,DEF,Coventry City
2026-27,80201,250,Leno,GKP,Fulham
2026-27,81441,443,Gillespie,GKP,Newcastle
2026-27,83299,116,Dunk,DEF,Brighton
2026-27,84450,544,Xhaka,MID,Sunderland
2026-27,85633,467,Sels,GKP,Nott'm Forest
2026-27,86873,251,Lecomte,GKP,Fulham
2026-27,88894,46,Barkley,MID,Aston Villa
2026-27,91651,406,Kovačić,MID,Man City
2026-27,93605,541,Meunier,DEF,Sunderland
2026-27,95658,418,Maguire,DEF,Man Utd
2026-27,97032,356,Virgil,DEF,Liverpool
2026-27,98747,442,Pope,GKP,Newcastle
2026-27,98980,28,Martinez,GKP,Aston Villa
2026-27,101188,30,Digne,DEF,Aston Villa
2026-27,101282,289,Crooks,MID,Hull City
2026-27,105666,274,Butland,GKP,Hull City
2026-27,105717,540,Masuaku,DEF,Sunderland
2026-27,106611,231,Keane,DEF,Everton
2026-27,106760,423,Shaw,DEF,Man Utd
2026-27,108413,212,Hughes,MID,Crystal Palace
2026-27,108416,277,Egan,DEF,Hull City
2026-27,108813,300,Walton,GKP,Ipswich Town
2026-27,109646,147,Tosin,DEF,Chelsea
2026-27,109745,2,Arrizabalaga,GKP,Arsenal
2026-27,110690,172,Wilson,GKP,Coventry City
2026-27,111234,226,Pickford,GKP,Everton
2026-27,111317,74,Brooks,MID,Bournemouth
2026-27,112520,301,Palmer,GKP,Ipswich Town
2026-27,114243,457,J.Murphy,MID,Newcastle
2026-27,114283,238,Grealish,MID,Man City
2026-27,115556,508,Davies,DEF,Spurs
2026-27,116535,350,A.Becker,GKP,Liverpool
2026-27,119471,446,Schär,DEF,Newcastle
2026-27,121709,199,Benitez,GKP,Crystal Palace
2026-27,122074,386,Bettinelli,GKP,Man City
2026-27,122798,502,Robertson,DEF,Spurs
2026-27,122806,45,McGinn,MID,Aston Villa
2026-27,128295,21,Nørgaard,MID,Everton
2026-27,135720,501,Danso,DEF,Spurs
2026-27,138001,228,King,GKP,Everton
2026-27,141746,426,B.Fernandes,MID,Man Utd
2026-27,146426,279,Ajayi,DEF,Hull City
2026-27,147675,320,Akpom,FWD,Ipswich Town
2026-27,149484,33,Mings,DEF,Aston Villa
2026-27,149929,311,Burns,MID,Ipswich Town
2026-27,152551,213,Lerma,MID,Crystal Palace
2026-27,153133,261,Iwobi,MID,Fulham
2026-27,153366,270,Reed,MID,Fulham
2026-27,153682,260,Wilson,MID,Leeds
2026-27,154561,1,Raya,GKP,Arsenal
2026-27,154566,526,Solanke,FWD,Spurs
2026-27,155405,408,Phillips,MID,Man City
2026-27,155408,71,Cook,MID,Bournemouth
2026-27,155503,352,Woodman,GKP,Liverpool
2026-27,158499,75,Christie,MID,Bournemouth
2026-27,158983,374,Endo,MID,Liverpool
2026-27,159506,473,Aina,DEF,Nott'm Forest
2026-27,160817,285,McNair,DEF,Hull City
2026-27,166477,258,Castagne,DEF,Fulham
2026-27,166989,43,Tielemans,MID,Man Utd
2026-27,167074,256,Tete,DEF,Fulham
2026-27,167512,539,O'Nien,DEF,Sunderland
2026-27,167825,273,Phillips,GKP,Hull City
2026-27,168144,184,Grimes,MID,Coventry City
2026-27,168636,80,Enes Ünal,FWD,Bournemouth
2026-27,169359,556,Targett,DEF,Hull City
2026-27,169432,295,McBurnie,FWD,Hull City
2026-27,169528,254,Robinson,DEF,Fulham
2026-27,169593,555,Matthews,GKP,Crystal Palace
2026-27,171270,288,Dowell,MID,Hull City
2026-27,171287,359,Gomez,DEF,Liverpool
2026-27,171314,390,Rúben,DEF,Man City
2026-27,172453,319,Szmodics,MID,Ipswich Town
2026-27,172649,198,Henderson,GKP,Crystal Palace
2026-27,172780,515,Maddison,MID,Spurs
2026-27,173878,176,Dasilva,DEF,Coventry City
2026-27,173879,56,Abraham,FWD,Aston Villa
2026-27,174594,347,Nmecha,FWD,Leeds
2026-27,174874,253,Andersen,DEF,Fulham
2026-27,176297,429,Rashford,MID,Man Utd
2026-27,176412,193,Wright,FWD,Coventry City
2026-27,176420,308,Furlong,DEF,Ipswich Town
2026-27,177815,346,Calvert-Lewin,FWD,Leeds
2026-27,178301,55,Watkins,FWD,Aston Villa
2026-27,180135,339,Longstaff,MID,Leeds
2026-27,180736,143,Chalobah,DEF,Chelsea
2026-27,180974,458,Joelinton,MID,Newcastle
2026-27,183015,303,Kipré,DEF,Ipswich Town
2026-27,183656,103,Dasilva,MID,Brentford
2026-27,184029,15,Ødegaard,MID,Arsenal
2026-27,184254,494,Vicario,GKP,Spurs
2026-27,184341,430,Mount,MID,Man Utd
2026-27,184349,269,Sessegnon,DEF,Fulham
2026-27,184667,37,Lindelöf,DEF,Aston Villa
2026-27,191866,87,Ajer,DEF,Brentford
2026-27,193278,280,Coyle,DEF,Hull City
2026-27,194010,89,Henry,DEF,Brentford
2026-27,195384,17,Merino,MID,Arsenal
2026-27,195546,41,Buendía,MID,Aston Villa
2026-27,198869,10,White,DEF,Arsenal
2026-27,199598,338,Ampadu,MID,Leeds
2026-27,199796,32,Cash,DEF,Aston Villa
2026-27,199798,31,Konsa,DEF,Aston Villa
2026-27,200089,460,Willock,MID,Newcastle
2026-27,200617,343,James,MID,Leeds
2026-27,200641,24,Nelson,MID,Arsenal
2026-27,200720,82,Kelleher,GKP,Brentford
2026-27,200785,73,Adams,MID,Bournemouth
2026-27,200834,533,Mukiele,DEF,Sunderland
2026-27,201595,326,Perri,GKP,Leeds
2026-27,201658,68,Tavernier,MID,Bournemouth
2026-27,201666,453,Barnes,MID,Newcastle
2026-27,201895,535,Alderete,DEF,Sunderland
2026-27,202993,516,Bentancur,MID,Spurs
2026-27,204120,114,Boscagli,DEF,Brighton
2026-27,204480,13,Rice,MID,Arsenal
2026-27,204561,558,Schlager,MID,Nott'm Forest
2026-27,204580,98,Janelt,MID,Brentford
2026-27,204813,179,Latibeaudiere,DEF,Coventry City
2026-27,204822,476,O.Richards,DEF,Nott'm Forest
2026-27,204936,384,Donnarumma,GKP,Man City
2026-27,204968,489,Yates,MID,Nott'm Forest
2026-27,205533,224,Nketiah,FWD,Crystal Palace
2026-27,205651,27,G.Jesus,FWD,Arsenal
2026-27,206915,373,C.Jones,MID,Liverpool
2026-27,207189,265,Berge,MID,Fulham
2026-27,207283,97,Jensen,MID,Brentford
2026-27,208481,292,Ömür,MID,Hull City
2026-27,208706,452,Bruno G.,MID,Arsenal
2026-27,209036,388,Guéhi,DEF,Man City
2026-27,209046,482,Hudson-Odoi,MID,Nott'm Forest
2026-27,209244,398,Foden,MID,Man City
2026-27,209289,262,Smith Rowe,MID,Fulham
2026-27,209365,416,De Ligt,DEF,Man Utd
2026-27,209400,214,Kamada,MID,Crystal Palace
2026-27,210156,492,Awoniyi,FWD,Nott'm Forest
2026-27,210462,488,Sangaré,MID,Nott'm Forest
2026-27,212314,267,Lukić,MID,Ipswich Town
2026-27,212319,527,Richarlison,FWD,Spurs
2026-27,213292,296,Akintola,MID,Hull City
2026-27,214225,329,Rodon,DEF,Leeds
2026-27,214285,364,Tsimikas,DEF,Liverpool
2026-27,214572,495,Austin,GKP,Spurs
2026-27,215059,140,Sánchez,GKP,Chelsea
2026-27,215136,469,N.Williams,DEF,Nott'm Forest
2026-27,215379,481,Anderson,MID,Man City
2026-27,215413,236,Dewsbury-Hall,MID,Everton
2026-27,215711,44,Bailey,MID,Aston Villa
2026-27,216051,417,Dalot,DEF,Man Utd
2026-27,216055,571,Florentino,MID,Ipswich Town
2026-27,216094,357,Frimpong,DEF,Liverpool
2026-27,216616,304,O'Shea,DEF,Ipswich Town
2026-27,216646,464,Wissa,FWD,Newcastle
2026-27,218364,205,Sosa,DEF,Crystal Palace
2026-27,218997,195,Simms,FWD,Coventry City
2026-27,219168,379,Isak,FWD,Liverpool
2026-27,219249,126,O'Riley,MID,Brighton
2026-27,219847,26,Havertz,FWD,Arsenal
2026-27,219924,259,Diop,DEF,Ipswich Town
2026-27,220237,447,Botman,DEF,Newcastle
2026-27,220362,153,Disasi,DEF,Chelsea
2026-27,220566,402,Rodrigo,MID,Man City
2026-27,220583,180,Woolfenden,DEF,Coventry City
2026-27,220627,332,Justin,DEF,Leeds
2026-27,221389,468,John,GKP,Nott'm Forest
2026-27,221399,342,Harrison,MID,Leeds
2026-27,221466,498,Senesi,DEF,Spurs
2026-27,221632,500,Romero,DEF,Spurs
2026-27,221820,419,Martinez,DEF,Man Utd
2026-27,222018,307,Johnson,DEF,Ipswich Town
2026-27,222531,480,Gibbs-White,MID,Nott'm Forest
2026-27,222625,317,Hirst,FWD,Ipswich Town
2026-27,222683,70,Kluivert,MID,Bournemouth
2026-27,222694,328,Struijk,DEF,Brighton
2026-27,223094,411,Haaland,FWD,Man City
2026-27,223340,12,Saka,MID,Arsenal
2026-27,223434,118,Igor,DEF,Brighton
2026-27,223541,370,Chiesa,MID,Liverpool
2026-27,223723,577,Tomiyasu,DEF,Crystal Palace
2026-27,223827,532,Ballard,DEF,Sunderland
2026-27,224117,25,Gyökeres,FWD,Arsenal
2026-27,224967,233,Mykolenko,DEF,Everton
2026-27,225796,142,James,DEF,Chelsea
2026-27,226182,330,Bogle,DEF,Leeds
2026-27,226597,4,Gabriel,DEF,Arsenal
2026-27,226944,47,Kamara,MID,Aston Villa
2026-27,226965,188,Torp,MID,Coventry City
2026-27,227444,471,Milenković,DEF,Nott'm Forest
2026-27,229164,314,Ogbene,MID,Ipswich Town
2026-27,229600,227,Travers,GKP,Everton
2026-27,230001,422,Mazraoui,DEF,Man Utd
2026-27,230730,194,Thomas-Asante,FWD,Coventry City
2026-27,231065,91,Pinnock,DEF,Brentford
2026-27,231416,113,F.Kadıoğlu,DEF,Brighton
2026-27,231747,223,Mateta,FWD,Crystal Palace
2026-27,231899,312,Taylor,MID,Ipswich Town
2026-27,232112,433,Ugarte,MID,Man Utd
2026-27,232185,208,Sarr,MID,Crystal Palace
2026-27,232351,282,Giles,DEF,Hull City
2026-27,232413,14,Eze,MID,Arsenal
2026-27,232457,324,Mehmeti,MID,Ipswich Town
2026-27,232571,530,Patterson,GKP,Sunderland
2026-27,232653,456,J.Ramsey,MID,Newcastle
2026-27,232787,519,Gallagher,MID,Spurs
2026-27,232859,505,Spence,DEF,Spurs
2026-27,232892,257,Bassey,DEF,Fulham
2026-27,232905,287,Millar,MID,Hull City
2026-27,232928,239,Garner,MID,Everton
2026-27,235826,348,Piroe,FWD,Leeds
2026-27,240514,564,Scherpen,GKP,Ipswich Town
2026-27,241117,310,Matusiwa,MID,Ipswich Town
2026-27,241293,186,Mason-Clark,MID,Coventry City
2026-27,242313,207,Mingueza,DEF,Crystal Palace
2026-27,242880,146,B.Badiashile,DEF,Chelsea
2026-27,242882,62,Diakité,DEF,Bournemouth
2026-27,242898,209,Johnson,MID,Crystal Palace
2026-27,243016,372,Mac Allister,MID,Liverpool
2026-27,243298,367,Gakpo,MID,Liverpool
2026-27,243413,290,Slater,MID,Hull City
2026-27,243526,331,Gudmundsson,DEF,Leeds
2026-27,243571,234,Patterson,DEF,Everton
2026-27,244042,271,Muniz,FWD,Fulham
2026-27,244723,204,Mitchell,DEF,Crystal Palace
2026-27,244850,40,Rogers,MID,Chelsea
2026-27,244851,154,Palmer,MID,Chelsea
2026-27,244858,100,Carvalho,MID,Brentford
2026-27,244860,247,Hackney,MID,Everton
2026-27,244954,34,Pau,DEF,Aston Villa
2026-27,246301,255,J.Cuenca,DEF,Fulham
2026-27,247348,201,Muñoz,DEF,Crystal Palace
2026-27,247412,222,Strand Larsen,FWD,Crystal Palace
2026-27,247632,156,Neto,MID,Chelsea
2026-27,248056,345,Tanaka,MID,Leeds
2026-27,248857,16,Madueke,MID,Arsenal
2026-27,248875,400,Doku,MID,Man City
2026-27,249231,86,Lewis-Potter,MID,Brentford
2026-27,250199,487,Dominguez,MID,Nott'm Forest
2026-27,424876,368,Szoboszlai,MID,Liverpool
2026-27,427623,202,Richards,DEF,Crystal Palace
2026-27,427637,337,Aaronson,MID,Leeds
2026-27,428580,104,Onyeka,MID,Coventry City
2026-27,430871,428,Cunha,MID,Man Utd
2026-27,432422,455,Tonali,MID,Spurs
2026-27,432714,486,McAtee,MID,Nott'm Forest
2026-27,432720,385,Trafford,GKP,Leeds
2026-27,432830,84,Collins,DEF,Brentford
2026-27,432987,354,Jaros,GKP,Liverpool
2026-27,433036,404,Reijnders,MID,Man City
2026-27,433154,241,McNeil,MID,Everton
2026-27,433590,281,Drameh,DEF,Hull City
2026-27,434399,536,Reinildo,DEF,Sunderland
2026-27,434752,327,Bijol,DEF,Leeds
2026-27,435997,336,Okafor,MID,Leeds
2026-27,436761,174,Kitching,DEF,Coventry City
2026-27,436893,65,J.Araujo,DEF,Bournemouth
2026-27,437495,3,Meslier,GKP,Arsenal
2026-27,437499,200,Lacroix,DEF,Chelsea
2026-27,437505,553,Isidor,FWD,Sunderland
2026-27,437730,397,Semenyo,MID,Man City
2026-27,437738,333,Bornauw,DEF,Leeds
2026-27,438098,23,Fábio Vieira,MID,Arsenal
2026-27,438234,401,Marmoush,FWD,Man City
2026-27,438464,218,Doucouré,MID,Crystal Palace
2026-27,439509,557,Tzolis,MID,Arsenal
2026-27,439668,187,Eccles,MID,Coventry City
2026-27,440089,96,Damsgaard,MID,Brentford
2026-27,440993,237,Ndiaye,MID,Everton
2026-27,441164,499,Pedro Porro,DEF,Spurs
2026-27,441191,450,Livramento,DEF,Newcastle
2026-27,441264,552,Brobbey,FWD,Sunderland
2026-27,441266,371,Gravenberch,MID,Liverpool
2026-27,441302,36,Maatsen,DEF,Aston Villa
2026-27,442967,562,Maeda,MID,Ipswich Town
2026-27,443261,313,Clarke,MID,Ipswich Town
2026-27,444102,79,Evanilson,FWD,Bournemouth
2026-27,444145,18,Martinelli,MID,Arsenal
2026-27,444172,59,Dennis,GKP,Bournemouth
2026-27,444180,105,Anthony,MID,Brentford
2026-27,444307,276,Lo-Tutala,GKP,Hull City
2026-27,444463,145,Fofana,DEF,Chelsea
2026-27,444765,85,Van den Berg,DEF,Brentford
2026-27,444884,383,Elliott,MID,Liverpool
2026-27,445028,563,Morita,MID,Hull City
2026-27,445044,521,Kulusevski,MID,Spurs
2026-27,445122,5,J.Timber,DEF,Arsenal
2026-27,446008,427,Mbeumo,MID,Man Utd
2026-27,448047,155,Enzo,MID,Chelsea
2026-27,448089,54,Gomes,MID,Aston Villa
2026-27,448104,9,Hincapie,DEF,Arsenal
2026-27,448514,392,Aït-Nouri,DEF,Man City
2026-27,449027,351,Mamardashvili,GKP,Liverpool
2026-27,449428,283,Jacob,DEF,Hull City
2026-27,449429,306,Greaves,DEF,Ipswich Town
2026-27,449434,454,Elanga,MID,Newcastle
2026-27,449871,48,Onana,MID,Aston Villa
2026-27,450542,219,J.Rak-Sakyi,MID,Crystal Palace
2026-27,451284,175,van Ewijk,DEF,Coventry City
2026-27,451302,413,Bayindir,GKP,Man Utd
2026-27,451340,121,Mitoma,MID,Brighton
2026-27,451490,119,Costinha,DEF,Brighton
2026-27,454490,120,Svoboda,DEF,Brighton
2026-27,455084,305,Davis,DEF,Ipswich Town
2026-27,456512,483,Ndoye,MID,Nott'm Forest
2026-27,457569,57,Petrović,GKP,Bournemouth
2026-27,458249,440,Zirkzee,FWD,Man Utd
2026-27,460028,149,Colwill,DEF,Chelsea
2026-27,460842,512,Kudus,MID,Spurs
2026-27,461102,173,Thomas,DEF,Coventry City
2026-27,461199,547,Mundle,MID,Sunderland
2026-27,461587,323,McAteer,MID,Ipswich Town
2026-27,462387,322,Al-Hamadi,FWD,Ipswich Town
2026-27,462424,6,Saliba,DEF,Arsenal
2026-27,462635,340,Gelhardt,MID,Leeds
2026-27,463034,167,Delap,FWD,Chelsea
2026-27,463067,125,Georginio,FWD,Brighton
2026-27,463936,158,Gittens,MID,Chelsea
2026-27,463981,60,Hill,DEF,Bournemouth
2026-27,464353,355,Davies,GKP,Liverpool
2026-27,465247,412,Lammens,GKP,Man Utd
2026-27,465351,389,Matheus N.,DEF,Man City
2026-27,465390,177,Kesler-Hayden,DEF,Coventry City
2026-27,465525,291,Matazo,MID,Hull City
2026-27,465642,445,Thiaw,DEF,Newcastle
2026-27,465680,493,Kalimuendo,FWD,Nott'm Forest
2026-27,465694,405,N.Gonzalez,MID,Man City
2026-27,465730,115,De Cuyper,DEF,Brighton
2026-27,466052,399,Cherki,MID,Man City
2026-27,466075,8,Calafiori,DEF,Arsenal
2026-27,466525,335,Stach,MID,Leeds
2026-27,467779,130,Wieffer,DEF,Brighton
2026-27,469142,112,Van Hecke,DEF,Spurs
2026-27,469247,49,Iling Jr,MID,Aston Villa
2026-27,469272,190,Tchaouna,MID,Coventry City
2026-27,470294,297,Gyabi,MID,Hull City
2026-27,470313,463,Woltemade,FWD,Newcastle
2026-27,470315,478,Netz,DEF,Nott'm Forest
2026-27,470551,567,Horníček,GKP,Newcastle
2026-27,472713,90,Hickey,DEF,Brentford
2026-27,472739,110,Rushworth,GKP,Coventry City
2026-27,472769,387,O'Reilly,DEF,Man City
2026-27,473284,572,Tzolakis,GKP,Hull City
2026-27,475168,165,João Pedro,FWD,Chelsea
2026-27,476887,485,Bakwa,MID,Nott'm Forest
2026-27,477064,395,Lewis,DEF,Man City
2026-27,477424,391,Gvardiol,DEF,Man City
2026-27,477547,538,Hjelde,DEF,Sunderland
2026-27,477555,264,Bobb,MID,Fulham
2026-27,480455,230,Branthwaite,DEF,Everton
2026-27,480457,183,Rudoni,MID,Coventry City
2026-27,481624,318,Philogene,MID,Ipswich Town
2026-27,481655,19,Zubimendi,MID,Arsenal
2026-27,482442,518,P.M.Sarr,MID,Spurs
2026-27,482609,144,Gusto,DEF,Chelsea
2026-27,482973,491,Igor Jesus,FWD,Nott'm Forest
2026-27,483067,566,Silva,DEF,Bournemouth
2026-27,484389,171,Dovin,GKP,Coventry City
2026-27,484420,542,E.Le Fée,MID,Sunderland
2026-27,485047,470,Morato,DEF,Nott'm Forest
2026-27,485055,496,Kinsky,GKP,Spurs
2026-27,485337,42,Guessand,MID,Aston Villa
2026-27,485711,439,Šeško,FWD,Man Utd
2026-27,486385,248,Beto,FWD,Everton
2026-27,486520,344,Gruev,MID,Leeds
2026-27,486672,159,Caicedo,MID,Chelsea
2026-27,487053,506,Udogie,DEF,Spurs
2026-27,487117,139,Ferguson,FWD,Brighton
2026-27,487676,534,Hume,DEF,Sunderland
2026-27,487838,449,Hall,DEF,Newcastle
2026-27,488024,211,Yeremy,MID,Crystal Palace
2026-27,489580,365,Ramsay,DEF,Liverpool
2026-27,489639,109,Verbruggen,GKP,Brighton
2026-27,489706,215,Devenny,MID,Crystal Palace
2026-27,489888,77,Adli,MID,Bournemouth
2026-27,490094,240,Iroegbunam,MID,Everton
2026-27,490145,528,Scarlett,FWD,Spurs
2026-27,490161,293,Kamara,MID,Hull City
2026-27,490881,436,Collyer,MID,Man Utd
2026-27,491007,163,D.Essugo,MID,Chelsea
2026-27,491279,503,Van de Ven,DEF,Spurs
2026-27,491501,378,McConnell,MID,Liverpool
2026-27,492498,191,Borges Rodrigues,MID,Coventry City
2026-27,492777,360,Bradley,DEF,Liverpool
2026-27,492859,341,Gnonto,MID,Leeds
2026-27,493105,160,Garnacho,MID,Aston Villa
2026-27,493250,431,Amad,MID,Man Utd
2026-27,493362,513,Xavi,MID,Spurs
2026-27,494307,394,Alleyne,DEF,Man City
2026-27,494521,61,Truffert,DEF,Bournemouth
2026-27,494595,366,Wirtz,MID,Liverpool
2026-27,494928,573,Sanchez,DEF,Bournemouth
2026-27,494950,275,Cartwright,GKP,Hull City
2026-27,496208,72,Gannon-Doak,MID,Bournemouth
2026-27,496221,210,Wharton,MID,Crystal Palace
2026-27,496661,245,Dibling,MID,Everton
2026-27,498016,529,Roefs,GKP,Sunderland
2026-27,499169,7,Lewis-Skelly,MID,Arsenal
2026-27,499175,22,Nwaneri,MID,Arsenal
2026-27,499300,235,Aznou,DEF,Everton
2026-27,499309,168,Marc Guiu,FWD,Chelsea
2026-27,499604,67,Rayan,MID,Bournemouth
2026-27,499716,510,Rowswell,DEF,Spurs
2026-27,499721,523,Moore,MID,Spurs
2026-27,499726,524,Olusesi,MID,Spurs
2026-27,500040,11,Mosquera,DEF,Arsenal
2026-27,500058,382,Danns,FWD,Liverpool
2026-27,500151,475,Savona,DEF,Nott'm Forest
2026-27,500957,298,Destan,FWD,Hull City
2026-27,501390,309,Núñez,MID,Ipswich Town
2026-27,501459,185,Sakamoto,MID,Coventry City
2026-27,501902,278,Hughes,DEF,Hull City
2026-27,502500,106,Thiago,FWD,Brentford
2026-27,502697,243,Alcaraz,MID,Everton
2026-27,503037,170,Emegha,FWD,Chelsea
2026-27,503139,69,Scott,MID,Bournemouth
2026-27,503301,484,Hutchinson,MID,Nott'm Forest
2026-27,505079,252,McNally,GKP,Fulham
2026-27,507433,83,Valdimarsson,GKP,Brentford
2026-27,508395,102,Yarmoliuk,MID,Brentford
2026-27,508479,141,Jörgensen,GKP,Chelsea
2026-27,509416,129,Ayari,MID,Brighton
2026-27,510281,403,Savinho,MID,Man City
2026-27,510663,380,Ekitiké,FWD,Liverpool
2026-27,511499,514,Tel,MID,Spurs
2026-27,512462,232,O'Brien,DEF,Everton
2026-27,513086,93,Schuster,DEF,Brentford
2026-27,513418,94,Schade,MID,Brentford
2026-27,513466,246,Röhl,MID,Everton
2026-27,513545,565,Sangaré,MID,Brentford
2026-27,514254,127,Gomez,MID,Brighton
2026-27,514356,161,Lavia,MID,Chelsea
2026-27,514514,381,Koumas,MID,Liverpool
2026-27,515046,531,Ellborg,GKP,Sunderland
2026-27,515597,35,Bogarde,MID,Aston Villa
2026-27,515621,206,Chadi Riad,DEF,Crystal Palace
2026-27,516895,432,Mainoo,MID,Man Utd
2026-27,517052,166,N.Jackson,FWD,Chelsea
2026-27,519440,361,Lucky,DEF,Liverpool
2026-27,519634,537,Seelt,DEF,Sunderland
2026-27,519913,438,Fletcher,MID,Man Utd
2026-27,522047,334,Muharemović,DEF,Leeds
2026-27,531442,315,Fatawu,MID,Ipswich Town
2026-27,532529,123,Hinshelwood,MID,Brighton
2026-27,532605,162,Andrey Santos,MID,Man Utd
2026-27,533463,95,O.Dango,MID,Brentford
2026-27,534392,299,Burstow,FWD,Hull City
2026-27,535301,131,Baleba,MID,Brighton
2026-27,535818,546,Adingra,MID,Sunderland
2026-27,535928,376,Bajcetic,MID,Liverpool
2026-27,536661,551,Angulo,MID,Sunderland
2026-27,536694,217,M.França,MID,Crystal Palace
2026-27,536916,128,Buonanotte,MID,Brighton
2026-27,538207,465,Osula,FWD,Newcastle
2026-27,538638,479,Bindon,DEF,Nott'm Forest
2026-27,539142,182,Amenda,DEF,Coventry City
2026-27,540324,286,Belloumi,MID,Hull City
2026-27,543158,568,Barco,MID,Chelsea
2026-27,543295,99,Milambo,MID,Brentford
2026-27,543968,316,Emersonn,FWD,Ipswich Town
2026-27,544877,358,Kerkez,DEF,Liverpool
2026-27,545477,451,A.Murphy,DEF,Newcastle
2026-27,546600,554,Van Oevelen,GKP,Ipswich Town
2026-27,547027,543,Diarra,MID,Sunderland
2026-27,547037,434,J.Fletcher,MID,Man Utd
2026-27,547676,425,Fredricson,DEF,Man Utd
2026-27,547701,522,Gray,MID,Spurs
2026-27,547719,459,L.Miley,MID,Newcastle
2026-27,548308,507,Phillips,DEF,Spurs
2026-27,549067,477,Abbott,DEF,Nott'm Forest
2026-27,549074,133,Watson,MID,Brighton
2026-27,549653,197,Bassette,FWD,Coventry City
2026-27,549912,549,Talbi,MID,Sunderland
2026-27,549939,560,Penders,GKP,Chelsea
2026-27,550090,117,Coppola,DEF,Brighton
2026-27,550615,242,George,MID,Everton
2026-27,550839,517,Odobert,MID,Spurs
2026-27,550864,420,Yoro,DEF,Man Utd
2026-27,551210,148,Hato,DEF,Chelsea
2026-27,551226,525,Fernandes,MID,Spurs
2026-27,551262,196,Markelo,FWD,Coventry City
2026-27,551466,569,García,FWD,Fulham
2026-27,551499,377,Munoz,MID,Liverpool
2026-27,552946,574,Hjertø-Dahl,MID,Hull City
2026-27,553783,294,Zambrano,MID,Hull City
2026-27,554197,548,Rigg,MID,Sunderland
2026-27,554578,444,Jaouen,GKP,Newcastle
2026-27,556637,134,Oriola,MID,Brighton
2026-27,557012,321,Walle Egeli,FWD,Ipswich Town
2026-27,560262,78,Kroupi.Jr,MID,Bournemouth
2026-27,560552,263,Kevin,MID,Fulham
2026-27,561245,81,Rodríguez,FWD,Bournemouth
2026-27,565297,349,Mateo Joseph,FWD,Leeds
2026-27,567119,169,Mheuka,FWD,Chelsea
2026-27,570241,92,Ji-soo,DEF,Brentford
2026-27,570526,520,Bergvall,MID,Spurs
2026-27,571779,570,Palacios,MID,Fulham
2026-27,574458,150,M.Sarr,DEF,Chelsea
2026-27,575204,407,Echeverri,MID,Man City
2026-27,575458,474,Jair Cunha,DEF,Nott'm Forest
2026-27,575476,472,Murillo,DEF,Nott'm Forest
2026-27,575901,66,Soler,DEF,Bournemouth
2026-27,576620,437,Bendito Mantato,MID,Man Utd
2026-27,576628,435,Lacey,MID,Man Utd
2026-27,577016,151,Acheampong,DEF,Chelsea
2026-27,577285,51,George Hemmings,MID,Aston Villa
2026-27,577411,181,Brau,DEF,Coventry City
2026-27,577669,545,Sadiki,MID,Sunderland
2026-27,577725,268,King,MID,Fulham
2026-27,577974,424,Amass,DEF,Man Utd
2026-27,578153,393,Khusanov,DEF,Man City
2026-27,578545,39,Nedeljkovic,DEF,Aston Villa
2026-27,586268,353,Pecsi,GKP,Liverpool
2026-27,586309,249,Barry,FWD,Everton
2026-27,590014,220,Cardines,DEF,Crystal Palace
2026-27,590039,409,Mukasa,MID,Man City
2026-27,591386,375,Nyoni,MID,Liverpool
2026-27,592031,122,Minteh,MID,Brighton
2026-27,593117,164,Quenda,MID,Chelsea
2026-27,593174,107,Furo,FWD,Brentford
2026-27,596047,441,Obi,FWD,Man Utd
2026-27,596777,415,Dorgu,MID,Man Utd
2026-27,597320,132,Howell,MID,Brighton
2026-27,599303,466,Neave,FWD,Newcastle
2026-27,606702,362,Jacquet,DEF,Liverpool
2026-27,606745,421,Heaven,DEF,Man Utd
2026-27,606798,38,A.García,DEF,Aston Villa
2026-27,606921,216,Esse,MID,Crystal Palace
2026-27,607464,88,Kayode,DEF,Brentford
2026-27,608181,137,Tzimas,FWD,Brighton
2026-27,608227,576,Stroud,MID,Hull City
2026-27,609873,244,Armstrong,MID,Everton
2026-27,610799,504,Vuskovic,DEF,Brighton
2026-27,611665,461,Touré,MID,Newcastle
2026-27,611922,369,Ngumoha,MID,Liverpool
2026-27,614071,53,Manzambi,MID,Aston Villa
2026-27,614574,76,Tóth.A,MID,Bournemouth
2026-27,616077,20,Dowman,MID,Arsenal
2026-27,616221,511,Souza,DEF,Spurs
2026-27,616222,396,Vitor Reis,DEF,Man City
2026-27,620109,152,Palestra,DEF,Chelsea
2026-27,620487,63,Milosavljević,DEF,Bournemouth
2026-27,622758,561,Anselmino,DEF,Chelsea
2026-27,624773,157,Estêvão,MID,Chelsea
2026-27,629397,192,Andrews,MID,Coventry City
2026-27,631786,272,Kusi-Asare,FWD,Fulham
2026-27,632794,559,Bamba,MID,Newcastle
2026-27,636852,462,Steur,MID,Newcastle
2026-27,640419,509,Byfield,DEF,Spurs
2026-27,645618,50,Burrowes,MID,Aston Villa
2026-27,647681,363,Leoni,DEF,Liverpool
2026-27,647850,138,Kostoulas,FWD,Brighton
2026-27,649208,410,Monga,MID,Man City
2026-27,651426,203,Canvot,DEF,Crystal Palace
2026-27,653481,52,Alysson,MID,Aston Villa
2026-27,660392,225,Uche,FWD,Crystal Palace
2026-27,661800,284,McCarthy,DEF,Hull City
2026-27,661888,575,Yirenkyi,MID,Coventry City
2026-27,672492,221,Drakes-Thomas,MID,Crystal Palace
2026-27,684268,189,Shepherd,MID,Coventry City
2026-27,699989,550,Jocelin.T,MID,Sunderland
2026-27,700308,135,Yohanna,MID,Brighton
